threshold_mm,lead_days,alpha,V,V_strat,V_lo,V_hi,base_rate
1.0,1,0.1,0.39958107943222027,0.3873718720172615,0.3194012732721383,0.4648817249314228,0.2359183927156331
1.0,1,0.3,0.5852033759561917,0.5333192187582707,0.5075250239943492,0.6390678019575774,0.2359183927156331
1.0,1,0.02,-1.4099117419774678,-1.409911741977464,,,0.2359183927156331
1.0,1,0.04,-0.27897872859641265,-0.2789787285964112,,,0.2359183927156331
1.0,1,0.06,0.09799894253060552,0.09791333351411205,,,0.2359183927156331
1.0,1,0.08,0.2864877780941148,0.28087578973258,,,0.2359183927156331
1.0,1,0.12,0.47497661365762395,0.4545944271137729,,,0.2359183927156331
1.0,1,0.14,0.5288305666757694,0.5008233175851419,,,0.2359183927156331
1.0,1,0.16,0.5692210314393786,0.5352985535065471,,,0.2359183927156331
1.0,1,0.18,0.6006358373666301,0.5588862905218382,,,0.2359183927156331
1.0,1,0.2,0.6257676821084313,0.5708672434297962,,,0.2359183927156331
1.0,1,0.22,0.6463301005335415,0.573795217630559,,,0.2359183927156331
1.0,1,0.24,0.6558044488815399,0.5699845607166588,,,0.2359183927156331
1.0,1,0.26,0.6335428493104842,0.5617917017888931,,,0.2359183927156331
1.0,1,0.28,0.6100444942077031,0.548716092041634,,,0.2359183927156331
1.0,1,0.32,0.5589010154545913,0.5140634669967362,,,0.2359183927156331
1.0,1,0.34,0.5310045724983483,0.4913425301588196,,,0.2359183927156331
1.0,1,0.36,0.5013646018573404,0.4664542159069386,,,0.2359183927156331
1.0,1,0.38,0.46981237504594475,0.43983020600205175,,,0.2359183927156331
1.0,1,0.4,0.43615666644712275,0.4111004104469048,,,0.2359183927156331
1.0,1,0.42,0.40017987449665815,0.37947294966800893,,,0.2359183927156331
1.0,1,0.44,0.36163331169258867,0.3454261718580409,,,0.2359183927156331
1.0,1,0.46,0.3202314479400695,0.3093102397021748,,,0.2359183927156331
1.0,1,0.48,0.2756448254373565,0.26857623745661124,,,0.2359183927156331
1.0,1,0.5,0.22749127313442663,0.22350215160542822,,,0.2359183927156331
1.0,1,0.52,0.17532492480625259,0.17436422982240274,,,0.2359183927156331
1.0,1,0.54,0.11862237227562866,0.11862237227562789,,,0.2359183927156331
1.0,1,0.56,0.05676504224222069,0.05676504224222129,,,0.2359183927156331
1.0,1,0.58,-0.010983462080083254,-0.010983462080083505,,,0.2359183927156331
1.0,1,0.6,-0.0855068168346176,-0.08550681683461664,,,0.2359183927156331
1.0,1,0.62,-0.16787473524752394,-0.1678747352475249,,,0.2359183927156331
1.0,1,0.64,-0.25939464459519773,-0.25939464459519684,,,0.2359183927156331
1.0,1,0.66,-0.3616816021014213,-0.36168160210142386,,,0.2359183927156331
1.0,1,0.68,-0.47675442929592365,-0.4767544292959239,,,0.2359183927156331
1.0,1,0.7,-0.607170300116358,-0.6071703001163566,,,0.2359183927156331
1.0,1,0.72,-0.7562170096254265,-0.7562170096254276,,,0.2359183927156331
1.0,1,0.74,-0.9281939821358904,-0.9281939821358927,,,0.2359183927156331
1.0,1,0.76,-1.1288337833980997,-1.1288337833980977,,,0.2359183927156331
1.0,1,0.78,-1.3659535485261622,-1.3659535485261645,,,0.2359183927156331
1.0,1,0.8,-1.6504972666798405,-1.6504972666798352,,,0.2359183927156331
1.0,1,0.82,-1.9982729222009978,-1.9982729222010047,,,0.2359183927156331
1.0,1,0.84,-2.4329924916024486,-2.4329924916024446,,,0.2359183927156331
1.0,1,0.86,-2.991917652261459,-2.991917652261464,,,0.2359183927156331
1.0,1,0.88,-3.7371511998067994,-3.737151199806795,,,0.2359183927156331
1.0,1,0.9,-4.780478166370285,-4.780478166370308,,,0.2359183927156331
1.0,1,0.92,-6.3454686162155,-6.345468616215525,,,0.2359183927156331
1.0,1,0.94,-8.953786032624192,-8.953786032624198,,,0.2359183927156331
1.0,1,0.96,-14.17042086544161,-14.170420865441644,,,0.2359183927156331
1.0,1,0.98,-29.820325363893723,-29.820325363894145,,,0.2359183927156331
1.0,2,0.1,0.36289502582665645,0.34993982653442074,0.2741143028723241,0.4336186275388327,0.2359183927156331
1.0,2,0.3,0.567683781673112,0.513608214682687,0.4874164861516088,0.6170617669429395,0.2359183927156331
1.0,2,0.02,-1.5909830398177895,-1.5909830398177884,,,0.2359183927156331
1.0,2,0.04,-0.369809248790011,-0.3698092487900102,,,0.2359183927156331
1.0,2,0.06,0.03724868155258198,0.03715730672234449,,,0.2359183927156331
1.0,2,0.08,0.24077764672387847,0.23480613442235024,,,0.2359183927156331
1.0,2,0.12,0.44430661189517495,0.42273377039483284,,,0.2359183927156331
1.0,2,0.14,0.5024577448012597,0.47288284267709113,,,0.2359183927156331
1.0,2,0.16,0.5460710944808231,0.5103256324124221,,,0.2359183927156331
1.0,2,0.18,0.5799925886760393,0.536084995719765,,,0.2359183927156331
1.0,2,0.2,0.6071297840322122,0.5494951379334461,,,0.2359183927156331
1.0,2,0.22,0.6293329438690809,0.5533120793482109,,,0.2359183927156331
1.0,2,0.24,0.639818772380467,0.550013100654166,,,0.2359183927156331
1.0,2,0.26,0.61707350504031,0.5420977121595278,,,0.2359183927156331
1.0,2,0.28,0.593064611736811,0.529065779110242,,,0.2359183927156331
1.0,2,0.32,0.5408099616056659,0.4941334642224545,,,0.2359183927156331
1.0,2,0.34,0.5123074251704957,0.47106420099962903,,,0.2359183927156331
1.0,2,0.36,0.4820234802081276,0.4457589865790434,,,0.2359183927156331
1.0,2,0.38,0.4497857323449614,0.41867105443329705,,,0.2359183927156331
1.0,2,0.4,0.4153988012909174,0.38942010043337627,,,0.2359183927156331
1.0,2,0.42,0.37864035775038785,0.35718984807830567,,,0.2359183927156331
1.0,2,0.44,0.33925631109982046,0.3224810539365845,,,0.2359183927156331
1.0,2,0.46,0.2969549276603219,0.2856597572491878,,,0.2359183927156331
1.0,2,0.48,0.2513995916485543,0.24409440762464055,,,0.2359183927156331
1.0,2,0.5,0.20219982875584547,0.19808010592518996,,,0.2359183927156331
1.0,2,0.52,0.14890008562207735,0.14790860735009703,,,0.2359183927156331
1.0,2,0.54,0.09096558221580765,0.09096558221580783,,,0.2359183927156331
1.0,2,0.56,0.02776430577260459,0.02776430577260377,,,0.2359183927156331
1.0,2,0.58,-0.04145613985566541,-0.041456139855665285,,,0.2359183927156331
1.0,2,0.6,-0.11759863004676273,-0.11759863004676402,,,0.2359183927156331
1.0,2,0.62,-0.20175611920534392,-0.201756119205342,,,0.2359183927156331
1.0,2,0.64,-0.29526444049265643,-0.2952644404926567,,,0.2359183927156331
1.0,2,0.66,-0.3997737407549468,-0.39977374075494865,,,0.2359183927156331
1.0,2,0.68,-0.5173467035500237,-0.517346703550023,,,0.2359183927156331
1.0,2,0.7,-0.650596061384443,-0.6505960613844428,,,0.2359183927156331
1.0,2,0.72,-0.8028810417666365,-0.8028810417666373,,,0.2359183927156331
1.0,2,0.74,-0.9785944806691688,-0.9785944806691672,,,0.2359183927156331
1.0,2,0.76,-1.1835934927221232,-1.1835934927221246,,,0.2359183927156331
1.0,2,0.78,-1.4258650524210688,-1.4258650524210743,,,0.2359183927156331
1.0,2,0.8,-1.7165909240598043,-1.7165909240598067,,,0.2359183927156331
1.0,2,0.82,-2.0719225449515895,-2.0719225449515966,,,0.2359183927156331
1.0,2,0.84,-2.516087071066324,-2.5160870710663152,,,0.2359183927156331
1.0,2,0.86,-3.087155747499555,-3.08715574749955,,,0.2359183927156331
1.0,2,0.88,-3.8485806494105215,-3.8485806494105206,,,0.2359183927156331
1.0,2,0.9,-4.914575512085885,-4.914575512085904,,,0.2359183927156331
1.0,2,0.92,-6.513567806098923,-6.513567806098947,,,0.2359183927156331
1.0,2,0.94,-9.178554962787315,-9.17855496278731,,,0.2359183927156331
1.0,2,0.96,-14.508529276164126,-14.50852927616415,,,0.2359183927156331
1.0,2,0.98,-30.498452216294442,-30.498452216294886,,,0.2359183927156331
1.0,3,0.1,0.3296355797779315,0.3160040668962924,0.2468995449063862,0.4043424063688354,0.2359183927156331
1.0,3,0.3,0.551815470309839,0.49575504154978095,0.47261052763892036,0.609432755795105,0.2359183927156331
1.0,3,0.02,-1.7552060031724084,-1.7552060031724068,,,0.2359183927156331
1.0,3,0.04,-0.45218001382844586,-0.4521800138284433,,,0.2359183927156331
1.0,3,0.06,-0.01783801738045843,-0.01793462049516207,,,0.2359183927156331
1.0,3,0.08,0.1993329808435353,0.19303549377180976,,,0.2359183927156331
1.0,3,0.12,0.4165039790675289,0.39385179812546955,,,0.2359183927156331
1.0,3,0.14,0.47855283570295565,0.4475569781936269,,,0.2359183927156331
1.0,3,0.16,0.5250894781795258,0.4876917803523687,,,0.2359183927156331
1.0,3,0.18,0.5612846445501913,0.5154213223053858,,,0.2359183927156331
1.0,3,0.2,0.5902407776467239,0.5301284891448819,,,0.2359183927156331
1.0,3,0.22,0.6139321592711595,0.5347527163439577,,,0.2359183927156331
1.0,3,0.24,0.6253358153336315,0.5319190401226475,,,0.2359183927156331
1.0,3,0.26,0.6021537245603636,0.5242566859945345,,,0.2359183927156331
1.0,3,0.28,0.5776837398552476,0.511265953572669,,,0.2359183927156331
1.0,3,0.32,0.5244255378499947,0.47608356985851175,,,0.2359183927156331
1.0,3,0.34,0.4953756094834933,0.452700494186864,,,0.2359183927156331
1.0,3,0.36,0.4645100605940854,0.4270194200843052,,,0.2359183927156331
1.0,3,0.38,0.4316531859698771,0.3995131105479236,,,0.2359183927156331
1.0,3,0.4,0.3966058530373882,0.36979202494783375,,,0.2359183927156331
1.0,3,0.42,0.3591414626612794,0.3370178142636285,,,0.2359183927156331
1.0,3,0.44,0.3190010444011628,0.3017115374410874,,,0.2359183927156331
1.0,3,0.46,0.27588726182548196,0.2642536168483035,,,0.2359183927156331
1.0,3,0.48,0.2294570344362878,0.2219377249368827,,,0.2359183927156331
1.0,3,0.5,0.17931238885595754,0.17507447864945339,,,0.2359183927156331
1.0,3,0.52,0.12498902281059977,0.1239696896430458,,,0.2359183927156331
1.0,3,0.54,0.06594188580477613,0.06594188580477504,,,0.2359183927156331
1.0,3,0.56,0.0015268272529679618,0.0015268272529677493,,,0.2359183927156331
1.0,3,0.58,-0.06902299877996365,-0.06902299877996323,,,0.2359183927156331
1.0,3,0.6,-0.14662780741618905,-0.14662780741618908,,,0.2359183927156331
1.0,3,0.62,-0.23240154327728021,-0.23240154327728102,,,0.2359183927156331
1.0,3,0.64,-0.3277056942340483,-0.32770569423404794,,,0.2359183927156331
1.0,3,0.66,-0.43422209824455366,-0.434222098244555,,,0.2359183927156331
1.0,3,0.68,-0.5540530527563723,-0.5540530527563752,,,0.2359183927156331
1.0,3,0.7,-0.6898614678697659,-0.6898614678697667,,,0.2359183927156331
1.0,3,0.72,-0.8450710851422172,-0.8450710851422167,,,0.2359183927156331
1.0,3,0.74,-1.0241591050719683,-1.0241591050719705,,,0.2359183927156331
1.0,3,0.76,-1.2330951283233447,-1.2330951283233456,,,0.2359183927156331
1.0,3,0.78,-1.480019519438607,-1.4800195194386103,,,0.2359183927156331
1.0,3,0.8,-1.7763287887769226,-1.776328788776924,,,0.2359183927156331
1.0,3,0.82,-2.138484562412638,-2.138484562412648,,,0.2359183927156331
1.0,3,0.84,-2.591179279457288,-2.591179279457282,,,0.2359183927156331
1.0,3,0.86,-3.1732153442289777,-3.173215344228979,,,0.2359183927156331
1.0,3,0.88,-3.9492634305912317,-3.9492634305912278,,,0.2359183927156331
1.0,3,0.9,-5.03573075149839,-5.0357307514983995,,,0.2359183927156331
1.0,3,0.92,-6.665431732859119,-6.665431732859138,,,0.2359183927156331
1.0,3,0.94,-9.381600035126993,-9.381600035126965,,,0.2359183927156331
1.0,3,0.96,-14.813936639662776,-14.81393663966278,,,0.2359183927156331
1.0,3,0.98,-31.110946453270003,-31.11094645327046,,,0.2359183927156331
1.0,4,0.1,0.28397120429495265,0.26941113001618205,0.19829969015414348,0.3596019543764289,0.2359183927156331
1.0,4,0.3,0.5362294295311486,0.4782194463557938,0.4487331097454589,0.5962595845839569,0.2359183927156331
1.0,4,0.02,-2.007483629560337,-2.007483629560334,,,0.2359183927156331
1.0,4,0.04,-0.575324358400781,-0.575324358400779,,,0.2359183927156331
1.0,4,0.06,-0.097937934680929,-0.09804214008732058,,,0.2359183927156331
1.0,4,0.08,0.14075527717899713,0.13399705883860022,,,0.2359183927156331
1.0,4,0.12,0.37944848903892314,0.3553577590152715,,,0.2359183927156331
1.0,4,0.14,0.4476465495703305,0.4148135608870298,,,0.2359183927156331
1.0,4,0.16,0.498795094968886,0.45932679783368774,,,0.2359183927156331
1.0,4,0.18,0.5385772969455404,0.49034014759944927,,,0.2359183927156331
1.0,4,0.2,0.5704030585268638,0.5073805470699335,,,0.2359183927156331
1.0,4,0.22,0.596442318002492,0.5136758477644328,,,0.2359183927156331
1.0,4,0.24,0.6094489335371625,0.5120710077109794,,,0.2359183927156331
1.0,4,0.26,0.5863617025442752,0.5053726361678041,,,0.2359183927156331
1.0,4,0.28,0.5619918476073387,0.4931061934161604,,,0.2359183927156331
1.0,4,0.32,0.5089515750975354,0.4590366845216499,,,0.2359183927156331
1.0,4,0.34,0.4800205173649157,0.43604685142573835,,,0.2359183927156331
1.0,4,0.36,0.4492812685240072,0.41072443213101156,,,0.2359183927156331
1.0,4,0.38,0.4165588423385238,0.3835651801086911,,,0.2359183927156331
1.0,4,0.4,0.38165492107400817,0.3541766985393587,,,0.2359183927156331
1.0,4,0.42,0.3443438328257329,0.32170934226787673,,,0.2359183927156331
1.0,4,0.44,0.3043676668454378,0.286706641131892,,,0.2359183927156331
1.0,4,0.46,0.2614303033851214,0.24956439192086363,,,0.2359183927156331
1.0,4,0.48,0.21519006581247255,0.2075315327298345,,,0.2359183927156331
1.0,4,0.5,0.16525060923401175,0.16094008606421614,,,0.2359183927156331
1.0,4,0.52,0.11114953127401253,0.110114075962721,,,0.2359183927156331
1.0,4,0.54,0.05234401175227427,0.05234401175227412,,,0.2359183927156331
1.0,4,0.56,-0.011807464089622025,-0.011807464089623696,,,0.2359183927156331
1.0,4,0.58,-0.08206860429741263,-0.08206860429741289,,,0.2359183927156331
1.0,4,0.6,-0.1593558585259829,-0.15935585852598383,,,0.2359183927156331
1.0,4,0.62,-0.24477861319966582,-0.2447786131996666,,,0.2359183927156331
1.0,4,0.64,-0.33969278505931355,-0.3396927850593122,,,0.2359183927156331
1.0,4,0.66,-0.4457733300789197,-0.44577333007892217,,,0.2359183927156331
1.0,4,0.68,-0.5651139432259769,-0.5651139432259771,,,0.2359183927156331
1.0,4,0.7,-0.700366638125974,-0.7003666381259721,,,0.2359183927156331
1.0,4,0.72,-0.8549411465831143,-0.8549411465831159,,,0.2359183927156331
1.0,4,0.74,-1.0332963486490458,-1.0332963486490438,,,0.2359183927156331
1.0,4,0.76,-1.2413774177259649,-1.2413774177259673,,,0.2359183927156331
1.0,4,0.78,-1.4872914084532347,-1.487291408453238,,,0.2359183927156331
1.0,4,0.8,-1.7823881973259579,-1.7823881973259497,,,0.2359183927156331
1.0,4,0.82,-2.143062050392616,-2.1430620503926194,,,0.2359183927156331
1.0,4,0.84,-2.5939043667259427,-2.5939043667259423,,,0.2359183927156331
1.0,4,0.86,-3.173558773440219,-3.173558773440227,,,0.2359183927156331
1.0,4,0.88,-3.946431315725921,-3.946431315725911,,,0.2359183927156331
1.0,4,0.9,-5.028452874925904,-5.028452874925923,,,0.2359183927156331
1.0,4,0.92,-6.651485213725874,-6.651485213725908,,,0.2359183927156331
1.0,4,0.94,-9.356539111725821,-9.356539111725812,,,0.2359183927156331
1.0,4,0.96,-14.766646907725736,-14.766646907725752,,,0.2359183927156331
1.0,4,0.98,-30.996970295725383,-30.996970295725824,,,0.2359183927156331
1.0,5,0.1,0.26085939724244517,0.24582935635141107,0.1661028749186635,0.3316427679707032,0.2359183927156331
1.0,5,0.3,0.521085612668304,0.46118138993277946,0.4344933622013552,0.5788647734428211,0.2359183927156331
1.0,5,0.02,-2.1038048562248335,-2.1038048562248317,,,0.2359183927156331
1.0,5,0.04,-0.6258896978077845,-0.6258896978077825,,,0.2359183927156331
1.0,5,0.06,-0.1332513116687681,-0.13335886867153376,,,0.2359183927156331
1.0,5,0.08,0.11306788140074021,0.10609189335984158,,,0.2359183927156331
1.0,5,0.12,0.35938707447024854,0.3345175305790458,,,0.2359183927156331
1.0,5,0.14,0.4297639867758222,0.3958680229605592,,,0.2359183927156331
1.0,5,0.16,0.4825466710050028,0.44179886200041174,,,0.2359183927156331
1.0,5,0.18,0.5235998698499207,0.47379697962708184,,,0.2359183927156331
1.0,5,0.2,0.5564424289258553,0.4913718723037093,,,0.2359183927156331
1.0,5,0.22,0.583313613624347,0.4978545505584183,,,0.2359183927156331
1.0,5,0.24,0.5967304152497426,0.49618132171525386,,,0.2359183927156331
1.0,5,0.26,0.5728784504718115,0.4892494061150996,,,0.2359183927156331
1.0,5,0.28,0.5477013765395509,0.4765682563073249,,,0.2359183927156331
1.0,5,0.32,0.49290421562816006,0.44135811690390403,,,0.2359183927156331
1.0,5,0.34,0.46301485513103763,0.41760305300549094,,,0.2359183927156331
1.0,5,0.36,0.43125740960284537,0.39143868952971544,,,0.2359183927156331
1.0,5,0.38,0.3974510966212212,0.36337688925004563,,,0.2359183927156331
1.0,5,0.4,0.361391029440822,0.33301231340716697,,,0.2359183927156331
1.0,5,0.42,0.3228440610755678,0.29946735774669203,,,0.2359183927156331
1.0,5,0.44,0.28154373782708103,0.2633032479654988,,,0.2359183927156331
1.0,5,0.46,0.2371841313750027,0.22492867924621845,,,0.2359183927156331
1.0,5,0.48,0.189412247503534,0.18150216271937317,,,0.2359183927156331
1.0,5,0.5,0.13781861292234754,0.13336643495531272,,,0.2359183927156331
1.0,5,0.52,0.08192550879272886,0.0808560093194998,,,0.2359183927156331
1.0,5,0.54,0.02117213473879527,0.02117213473879444,,,0.2359183927156331
1.0,5,0.56,-0.04510427332004111,-0.04510427332004171,,,0.2359183927156331
1.0,5,0.58,-0.11769272024162325,-0.1176927202416246,,,0.2359183927156331
1.0,5,0.6,-0.19754001185536452,-0.19754001185536435,,,0.2359183927156331
1.0,5,0.62,-0.28579228153370945,-0.28579228153370956,,,0.2359183927156331
1.0,5,0.64,-0.3838503589540934,-0.3838503589540931,,,0.2359183927156331
1.0,5,0.66,-0.4934446807768754,-0.4934446807768776,,,0.2359183927156331
1.0,5,0.68,-0.6167382928275046,-0.6167382928275057,,,0.2359183927156331
1.0,5,0.7,-0.7564710531515508,-0.7564710531515497,,,0.2359183927156331
1.0,5,0.72,-0.9161656363790329,-0.9161656363790338,,,0.2359183927156331
1.0,5,0.74,-1.1004286170261273,-1.100428617026126,,,0.2359183927156331
1.0,5,0.76,-1.3154020944477383,-1.3154020944477423,,,0.2359183927156331
1.0,5,0.78,-1.5694616586732768,-1.5694616586732828,,,0.2359183927156331
1.0,5,0.8,-1.8743331357439252,-1.8743331357439228,,,0.2359183927156331
1.0,5,0.82,-2.246953829941379,-2.2469538299413894,,,0.2359183927156331
1.0,5,0.84,-2.712729697688204,-2.7127296976881965,,,0.2359183927156331
1.0,5,0.86,-3.311584384791262,-3.3115843847912663,,,0.2359183927156331
1.0,5,0.88,-4.110057300928671,-4.1100573009286565,,,0.2359183927156331
1.0,5,0.9,-5.227919383521046,-5.227919383521066,,,0.2359183927156331
1.0,5,0.92,-6.904712507409603,-6.904712507409628,,,0.2359183927156331
1.0,5,0.94,-9.699367713890524,-9.699367713890524,,,0.2359183927156331
1.0,5,0.96,-15.288678126852396,-15.288678126852393,,,0.2359183927156331
1.0,5,0.98,-32.0566093657379,-32.056609365738375,,,0.2359183927156331
1.0,6,0.1,0.2587139545288161,0.2436402871726754,0.16946692903262445,0.3272068678956312,0.2359183927156331
1.0,6,0.3,0.5078518267611334,0.44629227756311907,0.4134987089657821,0.5741957837606052,0.2359183927156331
1.0,6,0.02,-2.061617928173425,-2.0616179281734217,,,0.2359183927156331
1.0,6,0.04,-0.6114105014845241,-0.6114105014845232,,,0.2359183927156331
1.0,6,0.06,-0.12800802592155752,-0.1281150852835148,,,0.2359183927156331
1.0,6,0.08,0.11369321185992604,0.1067221422312863,,,0.2359183927156331
1.0,6,0.12,0.3553944496414094,0.33036990613270817,,,0.2359183927156331
1.0,6,0.14,0.42445194615040477,0.39024022406549813,,,0.2359183927156331
1.0,6,0.16,0.47624506853215126,0.43500102831288173,,,0.2359183927156331
1.0,6,0.18,0.5165286081623984,0.4659864879367267,,,0.2359183927156331
1.0,6,0.2,0.5487554398665963,0.482557190495067,,,0.2359183927156331
1.0,6,0.22,0.5751228476245762,0.48798392361041404,,,0.2359183927156331
1.0,6,0.24,0.5879238206165482,0.4851789376127353,,,0.2359183927156331
1.0,6,0.26,0.562675894626102,0.477049222202356,,,0.2359183927156331
1.0,6,0.28,0.5360253060806311,0.463055887260009,,,0.2359183927156331
1.0,6,0.32,0.47802108395225307,0.42496212040376463,,,0.2359183927156331
1.0,6,0.34,0.44638241733677414,0.39956404189873374,,,0.2359183927156331
1.0,6,0.36,0.41276633405782787,0.3716530196050791,,,0.2359183927156331
1.0,6,0.38,0.37698147121249803,0.3417497042522567,,,0.2359183927156331
1.0,6,0.4,0.3388109508441459,0.3094288138313726,,,0.2359183927156331
1.0,6,0.42,0.29800798079521806,0.27377388901680877,,,0.2359183927156331
1.0,6,0.44,0.25429051288565224,0.23535810592429307,,,0.2359183927156331
1.0,6,0.46,0.20733471401982234,0.19459969910201508,,,0.2359183927156331
1.0,6,0.48,0.1567669306258519,0.14853827795867938,,,0.2359183927156331
1.0,6,0.5,0.10215372456036358,0.09751737835153852,,,0.2359183927156331
1.0,6,0.52,0.04298941798941789,0.04187456040091404,,,0.2359183927156331
1.0,6,0.54,-0.021319610892044556,-0.02131961089204526,,,0.2359183927156331
1.0,6,0.56,-0.09147491512636723,-0.09147491512636861,,,0.2359183927156331
1.0,6,0.58,-0.16831167690681584,-0.1683116769068163,,,0.2359183927156331
1.0,6,0.6,-0.25283211486530965,-0.25283211486531015,,,0.2359183927156331
1.0,6,0.62,-0.34624944102996064,-0.3462494410299613,,,0.2359183927156331
1.0,6,0.64,-0.4500464701017952,-0.45004647010179655,,,0.2359183927156331
1.0,6,0.66,-0.5660549143585514,-0.5660549143585502,,,0.2359183927156331
1.0,6,0.68,-0.6965644141474022,-0.6965644141474008,,,0.2359183927156331
1.0,6,0.7,-0.8444751805747646,-0.8444751805747636,,,0.2359183927156331
1.0,6,0.72,-1.0135160564917527,-1.0135160564917545,,,0.2359183927156331
1.0,6,0.74,-1.208563221011354,-1.2085632210113508,,,0.2359183927156331
1.0,6,0.76,-1.4361182462842212,-1.4361182462842232,,,0.2359183927156331
1.0,6,0.78,-1.7050469125157919,-1.7050469125157905,,,0.2359183927156331
1.0,6,0.8,-2.0277613119936775,-2.0277613119936753,,,0.2359183927156331
1.0,6,0.82,-2.422190022466645,-2.422190022466655,,,0.2359183927156331
1.0,6,0.84,-2.9152259105578593,-2.9152259105578526,,,0.2359183927156331
1.0,6,0.86,-3.549129195246563,-3.5491291952465662,,,0.2359183927156331
1.0,6,0.88,-4.3943335748314984,-4.3943335748315,,,0.2359183927156331
1.0,6,0.9,-5.577619706250414,-5.5776197062504345,,,0.2359183927156331
1.0,6,0.92,-7.352548903378778,-7.352548903378807,,,0.2359183927156331
1.0,6,0.94,-10.310764231926044,-10.310764231926047,,,0.2359183927156331
1.0,6,0.96,-16.22719488902061,-16.22719488902062,,,0.2359183927156331
1.0,6,0.98,-33.97648686030418,-33.97648686030467,,,0.2359183927156331
1.0,7,0.1,0.2478037174116403,0.23250819604099834,0.16703017637023046,0.3133810663859296,0.2359183927156331
1.0,7,0.3,0.4919552883394021,0.42840734663632124,0.3912727077018301,0.5619449479698985,0.2359183927156331
1.0,7,0.02,-2.069274413307846,-2.069274413307841,,,0.2359183927156331
1.0,7,0.04,-0.621100581608167,-0.6211005816081645,,,0.2359183927156331
1.0,7,0.06,-0.13837597104160734,-0.1384840144263396,,,0.2359183927156331
1.0,7,0.08,0.10298633424167246,0.09593105179825878,,,0.2359183927156331
1.0,7,0.12,0.34434863952495226,0.318895281284987,,,0.2359183927156331
1.0,7,0.14,0.4133092981773178,0.3784352349148224,,,0.2359183927156331
1.0,7,0.16,0.4650297921665921,0.4229025844930418,,,0.2359183927156331
1.0,7,0.18,0.5052568430471388,0.453536372008515,,,0.2359183927156331
1.0,7,0.2,0.5374384837515761,0.4695800200545661,,,0.2359183927156331
1.0,7,0.22,0.5637689170552066,0.4743013922028614,,,0.2359183927156331
1.0,7,0.24,0.5762799113967492,0.470631797994408,,,0.2359183927156331
1.0,7,0.26,0.5496910662885768,0.4615220056706438,,,0.2359183927156331
1.0,7,0.28,0.5216250631188389,0.44639091440331363,,,0.2359183927156331
1.0,7,0.32,0.4605402326905866,0.40570434708380526,,,0.2359183927156331
1.0,7,0.34,0.42722123427517605,0.3787824343952334,,,0.2359183927156331
1.0,7,0.36,0.3918197984588027,0.3492399783291413,,,0.2359183927156331
1.0,7,0.38,0.3541343990413727,0.3176106276137475,,,0.2359183927156331
1.0,7,0.4,0.3139366396627806,0.28344912980669973,,,0.2359183927156331
1.0,7,0.42,0.2709666210166997,0.24579901037089924,,,0.2359183927156331
1.0,7,0.44,0.22492731532447008,0.20524942233199378,,,0.2359183927156331
1.0,7,0.46,0.17547769069207508,0.162230858649826,,,0.2359183927156331
1.0,7,0.48,0.12222424878026536,0.11365851287783567,,,0.2359183927156331
1.0,7,0.5,0.06471053151551084,0.059880834160874065,,,0.2359183927156331
1.0,7,0.52,0.0024040044786934425,0.0012418674169151053,,,0.2359183927156331
1.0,7,0.54,-0.06532048143089095,-0.06532048143089188,,,0.2359183927156331
1.0,7,0.56,-0.13920173878680092,-0.13920173878680192,,,0.2359183927156331
1.0,7,0.58,-0.22011930636708324,-0.22011930636708363,,,0.2359183927156331
1.0,7,0.6,-0.30912863070539387,-0.3091286307053949,,,0.2359183927156331
1.0,7,0.62,-0.40750735760563184,-0.407507357605632,,,0.2359183927156331
1.0,7,0.64,-0.5168170541614526,-0.5168170541614517,,,0.2359183927156331
1.0,7,0.66,-0.6389867150179572,-0.6389867150179572,,,0.2359183927156331
1.0,7,0.68,-0.776427583481526,-0.7764275834815264,,,0.2359183927156331
1.0,7,0.7,-0.9321939010735687,-0.9321939010735696,,,0.2359183927156331
1.0,7,0.72,-1.1102125497501898,-1.1102125497501913,,,0.2359183927156331
1.0,7,0.74,-1.315618682838599,-1.3156186828385994,,,0.2359183927156331
1.0,7,0.76,-1.5552591714417443,-1.5552591714417467,,,0.2359183927156331
1.0,7,0.78,-1.8384706579727323,-1.8384706579727366,,,0.2359183927156331
1.0,7,0.8,-2.1783244418099206,-2.1783244418099152,,,0.2359183927156331
1.0,7,0.82,-2.5937012887220345,-2.593701288722039,,,0.2359183927156331
1.0,7,0.84,-3.112922347362181,-3.1129223473621725,,,0.2359183927156331
1.0,7,0.86,-3.780492279899512,-3.780492279899521,,,0.2359183927156331
1.0,7,0.88,-4.670585523282617,-4.670585523282607,,,0.2359183927156331
1.0,7,0.9,-5.916716064018972,-5.916716064018983,,,0.2359183927156331
1.0,7,0.92,-7.785911875123493,-7.785911875123518,,,0.2359183927156331
1.0,7,0.94,-10.901238226964352,-10.901238226964345,,,0.2359183927156331
1.0,7,0.96,-17.131890930646115,-17.13189093064614,,,0.2359183927156331
1.0,7,0.98,-35.82384904169125,-35.82384904169173,,,0.2359183927156331
2.5,1,0.1,0.4198270507859156,0.3874108376968613,0.33485497661314967,0.4916021303435673,0.18691828394735616
2.5,1,0.3,0.5106434776412746,0.47782065172625754,0.43746357209400133,0.5556936122915754,0.18691828394735616
2.5,1,0.02,-1.4862452821174337,-1.4862452821174306,,,0.18691828394735616
2.5,1,0.04,-0.2949500740528402,-0.29682117430911575,,,0.18691828394735616
2.5,1,0.06,0.10214832863535742,0.09101344967576677,,,0.18691828394735616
2.5,1,0.08,0.3006975299794563,0.27784356097609164,,,0.18691828394735616
2.5,1,0.12,0.49924673132355524,0.45803371367506446,,,0.18691828394735616
2.5,1,0.14,0.5559750745647264,0.506068497414835,,,0.18691828394735616
2.5,1,0.16,0.5985213319956046,0.5345758158984236,,,0.18691828394735616
2.5,1,0.18,0.6316128655529544,0.5453441215972743,,,0.18691828394735616
2.5,1,0.2,0.628174487717694,0.5465914850481494,,,0.18691828394735616
2.5,1,0.22,0.6070791782167981,0.5412929418102773,,,0.18691828394735616
2.5,1,0.24,0.5848735892684869,0.5314864010744832,,,0.18691828394735616
2.5,1,0.26,0.5614676982148614,0.5170091173075425,,,0.18691828394735616
2.5,1,0.28,0.536761479880479,0.4985025898446092,,,0.18691828394735616
2.5,1,0.32,0.4829891223291762,0.45578383609097234,,,0.18691828394735616
2.5,1,0.34,0.4536587454830107,0.43228729718516545,,,0.18691828394735616
2.5,1,0.36,0.4224952200839603,0.40623130341880326,,,0.18691828394735616
2.5,1,0.38,0.38932114465916456,0.37781560221682775,,,0.18691828394735616
2.5,1,0.4,0.35393546420604904,0.3466485456481529,,,0.18691828394735616
2.5,1,0.42,0.3161093919975463,0.31145932389512787,,,0.18691828394735616
2.5,1,0.44,0.27558145748843615,0.27349572290752894,,,0.18691828394735616
2.5,1,0.46,0.23205145375642902,0.23198997445888747,,,0.18691828394735616
2.5,1,0.48,0.1851729881988828,0.18517298819888203,,,0.18691828394735616
2.5,1,0.5,0.13454424539673296,0.13454424539673246,,,0.18691828394735616
2.5,1,0.52,0.07969644069440394,0.07969644069440368,,,0.18691828394735616
2.5,1,0.54,0.02007926167013326,0.02007926167013388,,,0.18691828394735616
2.5,1,0.56,-0.0449576609017984,-0.04495766090179778,,,0.18691828394735616
2.5,1,0.58,-0.11618857609962793,-0.11618857609962607,,,0.18691828394735616
2.5,1,0.6,-0.19454258281724118,-0.1945425828172404,,,0.18691828394735616
2.5,1,0.62,-0.28114437971565504,-0.28114437971565365,,,0.18691828394735616
2.5,1,0.64,-0.3773685984916709,-0.3773685984916711,,,0.18691828394735616
2.5,1,0.66,-0.4849133135942773,-0.48491331359427686,,,0.18691828394735616
2.5,1,0.68,-0.6059011180847089,-0.6059011180847091,,,0.18691828394735616
2.5,1,0.7,-0.7430206298405304,-0.7430206298405289,,,0.18691828394735616
2.5,1,0.72,-0.8997286432757564,-0.8997286432757577,,,0.18691828394735616
2.5,1,0.74,-1.0805455818548635,-1.0805455818548648,,,0.18691828394735616
2.5,1,0.76,-1.291498676863821,-1.291498676863822,,,0.18691828394735616
2.5,1,0.78,-1.5408068800562256,-1.540806880056229,,,0.18691828394735616
2.5,1,0.8,-1.8399767238871108,-1.8399767238871163,,,0.18691828394735616
2.5,1,0.82,-2.20562875523597,-2.205628755235977,,,0.18691828394735616
2.5,1,0.84,-2.6626937944220446,-2.662693794422041,,,0.18691828394735616
2.5,1,0.86,-3.250348844804143,-3.250348844804141,,,0.18691828394735616
2.5,1,0.88,-4.03388891198027,-4.033888911980267,,,0.18691828394735616
2.5,1,0.9,-5.130845006026855,-5.130845006026849,,,0.18691828394735616
2.5,1,0.92,-6.776279147096724,-6.7762791470967345,,,0.18691828394735616
2.5,1,0.94,-9.518669382213169,-9.518669382213117,,,0.18691828394735616
2.5,1,0.96,-15.00344985244605,-15.003449852445963,,,0.18691828394735616
2.5,1,0.98,-31.457791263144845,-31.45779126314421,,,0.18691828394735616
2.5,2,0.1,0.3844632363480006,0.3500711280607747,0.2924180792881061,0.4668122027705484,0.18691828394735616
2.5,2,0.3,0.48734955140042646,0.45296432169400663,0.4171228430976605,0.5300842291997041,0.18691828394735616
2.5,2,0.02,-1.6588218431990827,-1.6588218431990784,,,0.18691828394735616
2.5,2,0.04,-0.3817686684821555,-0.3837652147286218,,,0.18691828394735616
2.5,2,0.06,0.043915723090153284,0.03205866135257483,,,0.18691828394735616
2.5,2,0.08,0.256757918876308,0.23246795535952244,,,0.18691828394735616
2.5,2,0.12,0.4696001146624623,0.42594711985935235,,,0.18691828394735616
2.5,2,0.14,0.5304121706013637,0.477632428082271,,,0.18691828394735616
2.5,2,0.16,0.5760212125555397,0.5084919898644443,,,0.18691828394735616
2.5,2,0.18,0.6114949118532321,0.5205149539751694,,,0.18691828394735616
2.5,2,0.2,0.6083690095182676,0.5224404460212866,,,0.18691828394735616
2.5,2,0.22,0.5866475683176293,0.5174404932981475,,,0.18691828394735616
2.5,2,0.24,0.5637828933695893,0.507683343538288,,,0.18691828394735616
2.5,2,0.26,0.5396822900459792,0.4930150957076033,,,0.18691828394735616
2.5,2,0.28,0.5142427643155022,0.4741240525568468,,,0.18691828394735616
2.5,2,0.32,0.45887438478446385,0.4304001729475981,,,0.18691828394735616
2.5,2,0.34,0.42867345049480643,0.4063246424687095,,,0.18691828394735616
2.5,2,0.36,0.39658495781204545,0.37959134615384643,,,0.18691828394735616
2.5,2,0.38,0.3624262397949128,0.3504139818069306,,,0.18691828394735616
2.5,2,0.4,0.3259902739099713,0.3183881634254336,,,0.18691828394735616
2.5,2,0.42,0.28704148279158553,0.2821937693993791,,,0.18691828394735616
2.5,2,0.44,0.24531063516474366,0.2431377453038323,,,0.18691828394735616
2.5,2,0.46,0.2004886136396175,0.20042460753054794,,,0.18691828394735616
2.5,2,0.48,0.15221874430486593,0.15221874430486493,,,0.18691828394735616
2.5,2,0.5,0.10008728542333425,0.10008728542333437,,,0.18691828394735616
2.5,2,0.52,0.04361153830167494,0.043611538301674496,,,0.18691828394735616
2.5,2,0.54,-0.01777514335230259,-0.017775143352303627,,,0.18691828394735616
2.5,2,0.56,-0.08474243242936899,-0.08474243242936855,,,0.18691828394735616
2.5,2,0.58,-0.15808755856139334,-0.15808755856139398,,,0.18691828394735616
2.5,2,0.6,-0.2387671973066209,-0.2387671973066227,,,0.18691828394735616
2.5,2,0.62,-0.3279394296039777,-0.3279394296039772,,,0.18691828394735616
2.5,2,0.64,-0.427019687712152,-0.42701968771215265,,,0.18691828394735616
2.5,2,0.66,-0.5377564467742291,-0.5377564467742284,,,0.18691828394735616
2.5,2,0.68,-0.6623353007190657,-0.6623353007190665,,,0.18691828394735616
2.5,2,0.7,-0.8035246685232134,-0.8035246685232138,,,0.18691828394735616
2.5,2,0.72,-0.9648839460136682,-0.9648839460136702,,,0.18691828394735616
2.5,2,0.74,-1.1510677277334245,-1.1510677277334223,,,0.18691828394735616
2.5,2,0.76,-1.3682821397398062,-1.3682821397398055,,,0.18691828394735616
2.5,2,0.78,-1.6249900812018945,-1.6249900812019005,,,0.18691828394735616
2.5,2,0.8,-1.9330396109563994,-1.9330396109564023,,,0.18691828394735616
2.5,2,0.82,-2.3095445917674593,-2.3095445917674673,,,0.18691828394735616
2.5,2,0.84,-2.780175817781285,-2.780175817781284,,,0.18691828394735616
2.5,2,0.86,-3.3852731083704937,-3.385273108370492,,,0.18691828394735616
2.5,2,0.88,-4.192069495822768,-4.192069495822773,,,0.18691828394735616
2.5,2,0.9,-5.321584438255958,-5.321584438255955,,,0.18691828394735616
2.5,2,0.92,-7.015856851905735,-7.015856851905759,,,0.18691828394735616
2.5,2,0.94,-9.839644207988693,-9.839644207988638,,,0.18691828394735616
2.5,2,0.96,-15.4872189201546,-15.4872189201545,,,0.18691828394735616
2.5,2,0.98,-32.429943056652476,-32.42994305665179,,,0.18691828394735616
2.5,3,0.1,0.3470354975873108,0.31055217571153115,0.25088628864827467,0.4298816949954115,0.18691828394735616
2.5,3,0.3,0.46673950348251025,0.43097188693949795,0.39380277816131254,0.5135642271692205,0.18691828394735616
2.5,3,0.02,-1.8544837800391765,-1.8544837800391747,,,0.18691828394735616
2.5,3,0.04,-0.4785342315226219,-0.48067059634080916,,,0.18691828394735616
2.5,3,0.06,-0.019884382017103828,-0.032532672941679566,,,0.18691828394735616
2.5,3,0.08,0.20944054273565532,0.18360419565238872,,,0.18691828394735616
2.5,3,0.12,0.43876546748841433,0.3925747181909048,,,0.18691828394735616
2.5,3,0.14,0.5042868745606311,0.44857075611367275,,,0.18691828394735616
2.5,3,0.16,0.5534279298647939,0.482300162002742,,,0.18691828394735616
2.5,3,0.18,0.5916487506569204,0.49602122711042623,,,0.18691828394735616
2.5,3,0.2,0.5891766075065463,0.49903699949315716,,,0.18691828394735616
2.5,3,0.22,0.5672007170406937,0.4947376802993028,,,0.18691828394735616
2.5,3,0.24,0.5440682007608489,0.48543324971854096,,,0.18691828394735616
2.5,3,0.26,0.519685278195607,0.47099077876331796,,,0.18691828394735616
2.5,3,0.28,0.493947748821185,0.45215287082775074,,,0.18691828394735616
2.5,3,0.32,0.4379307731239135,0.4083545013987652,,,0.18691828394735616
2.5,3,0.34,0.40737605910721997,0.3841941525458117,,,0.18691828394735616
2.5,3,0.36,0.3749116754644831,0.3573076923076923,,,0.18691828394735616
2.5,3,0.38,0.34035281545769874,0.3279246814027161,,,0.18691828394735616
2.5,3,0.4,0.30349003145046205,0.2956341422406543,,,0.18691828394735616
2.5,3,0.42,0.264084986477209,0.25908118193532825,,,0.18691828394735616
2.5,3,0.44,0.22186529543443795,0.2196249021166613,,,0.18691828394735616
2.5,3,0.46,0.17651821986998015,0.17645229477430963,,,0.18691828394735616
2.5,3,0.48,0.12768290772364094,0.12768290772364002,,,0.18691828394735616
2.5,3,0.5,0.0749407706055949,0.07494077060559473,,,0.18691828394735616
2.5,3,0.52,0.01780345539437774,0.01780345539437755,,,0.18691828394735616
2.5,3,0.54,-0.044302322009119176,-0.04430232200911909,,,0.18691828394735616
2.5,3,0.56,-0.11205407917656969,-0.11205407917657005,,,0.18691828394735616
2.5,3,0.58,-0.18625838464568212,-0.18625838464568265,,,0.18691828394735616
2.5,3,0.6,-0.26788312066170655,-0.26788312066170655,,,0.18691828394735616
2.5,3,0.62,-0.35809993415310204,-0.3580999341531029,,,0.18691828394735616
2.5,3,0.64,-0.4583408380324295,-0.45834083803242986,,,0.18691828394735616
2.5,3,0.66,-0.5703747894269728,-0.5703747894269732,,,0.18691828394735616
2.5,3,0.68,-0.6964129847458331,-0.6964129847458332,,,0.18691828394735616
2.5,3,0.7,-0.8392562727738756,-0.8392562727738773,,,0.18691828394735616
2.5,3,0.72,-1.0025057448059231,-1.0025057448059236,,,0.18691828394735616
2.5,3,0.74,-1.190870520227518,-1.1908705202275174,,,0.18691828394735616
2.5,3,0.76,-1.4106294248860436,-1.410629424886046,,,0.18691828394735616
2.5,3,0.78,-1.67034449402794,-1.670344494027943,,,0.18691828394735616
2.5,3,0.8,-1.9820025769982128,-1.9820025769982181,,,0.18691828394735616
2.5,3,0.82,-2.3629180117396573,-2.3629180117396635,,,0.18691828394735616
2.5,3,0.84,-2.8390623051664643,-2.839062305166466,,,0.18691828394735616
2.5,3,0.86,-3.451247825286648,-3.451247825286648,,,0.18691828394735616
2.5,3,0.88,-4.2674951854468866,-4.267495185446893,,,0.18691828394735616
2.5,3,0.9,-5.410241489671231,-5.410241489671231,,,0.18691828394735616
2.5,3,0.92,-7.124360946007734,-7.124360946007752,,,0.18691828394735616
2.5,3,0.94,-9.981226706568574,-9.981226706568506,,,0.18691828394735616
2.5,3,0.96,-15.694958227690238,-15.694958227690142,,,0.18691828394735616
2.5,3,0.98,-32.836152791055405,-32.836152791054815,,,0.18691828394735616
2.5,4,0.1,0.30948354115904636,0.2709020652360323,0.20469562046747175,0.3970316353131954,0.18691828394735616
2.5,4,0.3,0.44874801826462346,0.4117736508962345,0.3792716350246225,0.49728322025792515,0.18691828394735616
2.5,4,0.02,-2.059442931536955,-2.0594429315369522,,,0.18691828394735616
2.5,4,0.04,-0.578863886101954,-0.5811452193217471,,,0.18691828394735616
2.5,4,0.06,-0.08533753762362045,-0.09879755835663408,,,0.18691828394735616
2.5,4,0.08,0.16142563661554635,0.1340201099237251,,,0.18691828394735616
2.5,4,0.12,0.40818881085471315,0.35948154021165685,,,0.18691828394735616
2.5,4,0.14,0.47869257492304645,0.42009976236210694,,,0.18691828394735616
2.5,4,0.16,0.5315703979742966,0.45696127165229006,,,0.18691828394735616
2.5,4,0.18,0.5726975936808244,0.47263209617715435,,,0.18691828394735616
2.5,4,0.2,0.571096055530155,0.47698935631018696,,,0.18691828394735616
2.5,4,0.22,0.5491361514055724,0.4736485872796066,,,0.18691828394735616
2.5,4,0.24,0.5260204628533802,0.4650644887317539,,,0.18691828394735616
2.5,4,0.26,0.501655277622691,0.4511328894899189,,,0.18691828394735616
2.5,4,0.28,0.475936470990297,0.432654040757555,,,0.18691828394735616
2.5,4,0.32,0.4199602447903805,0.3894383578213756,,,0.18691828394735616
2.5,4,0.34,0.38942775777224414,0.3655437603640559,,,0.18691828394735616
2.5,4,0.36,0.35698699031547465,0.3388782051282058,,,0.18691828394735616
2.5,4,0.38,0.32245327011955827,0.3096878982892946,,,0.18691828394735616
2.5,4,0.4,0.2856173019105808,0.2775598273832871,,,0.18691828394735616
2.5,4,0.42,0.2462409221009845,0.24111578804587053,,,0.18691828394735616
2.5,4,0.44,0.20405194373355987,0.20176026249110485,,,0.18691828394735616
2.5,4,0.46,0.15873785585743683,0.15867050732748267,,,0.18691828394735616
2.5,4,0.48,0.10993806891392,0.10993806891391805,,,0.18691828394735616
2.5,4,0.5,0.057234299014921816,0.05723429901492125,,,0.18691828394735616
2.5,4,0.52,0.00013854829100680898,0.00013854829100715173,,,0.18691828394735616
2.5,4,0.54,-0.06192205032194429,-0.061922050321944144,,,0.18691828394735616
2.5,4,0.56,-0.12962452153607243,-0.12962452153607104,,,0.18691828394735616
2.5,4,0.58,-0.20377484715154606,-0.20377484715154529,,,0.18691828394735616
2.5,4,0.6,-0.2853402053285671,-0.28534020532856835,,,0.18691828394735616
2.5,4,0.62,-0.37549139068211707,-0.3754913906821166,,,0.18691828394735616
2.5,4,0.64,-0.4756593744082833,-0.47565937440828326,,,0.18691828394735616
2.5,4,0.66,-0.5876118268081166,-0.5876118268081167,,,0.18691828394735616
2.5,4,0.68,-0.7135583357579289,-0.7135583357579279,,,0.18691828394735616
2.5,4,0.7,-0.8562977125677153,-0.8562977125677141,,,0.18691828394735616
2.5,4,0.72,-1.0194284289217572,-1.0194284289217592,,,0.18691828394735616
2.5,4,0.74,-1.2076561785610376,-1.2076561785610411,,,0.18691828394735616
2.5,4,0.76,-1.4272552198068633,-1.4272552198068642,,,0.18691828394735616
2.5,4,0.78,-1.6867813594610226,-1.6867813594610235,,,0.18691828394735616
2.5,4,0.8,-1.9982127270460128,-1.9982127270460162,,,0.18691828394735616
2.5,4,0.82,-2.3788510652054433,-2.3788510652054464,,,0.18691828394735616
2.5,4,0.84,-2.854648987904733,-2.854648987904733,,,0.18691828394735616
2.5,4,0.86,-3.4663891742323947,-3.46638917423239,,,0.18691828394735616
2.5,4,0.88,-4.282042756002603,-4.282042756002607,,,0.18691828394735616
2.5,4,0.9,-5.423957770480905,-5.423957770480904,,,0.18691828394735616
2.5,4,0.92,-7.136830292198351,-7.136830292198377,,,0.18691828394735616
2.5,4,0.94,-9.991617828394084,-9.991617828394014,,,0.18691828394735616
2.5,4,0.96,-15.701192900785546,-15.701192900785465,,,0.18691828394735616
2.5,4,0.98,-32.8299181179601,-32.829918117959444,,,0.18691828394735616
2.5,5,0.1,0.28221298552386415,0.24210781197977937,0.17781397982366184,0.37528821650434574,0.18691828394735616
2.5,5,0.3,0.42605380819770466,0.38755726206542646,0.3496800877374029,0.47778567335241323,0.18691828394735616
2.5,5,0.02,-2.177296832449477,-2.177296832449476,,,0.18691828394735616
2.5,5,0.04,-0.6401031962161388,-0.6424730153869695,,,0.18691828394735616
2.5,5,0.06,-0.12770531747169264,-0.14169077031720423,,,0.18691828394735616
2.5,5,0.08,0.12849362190053037,0.10001184097569757,,,0.18691828394735616
2.5,5,0.12,0.3846925612727533,0.3340515012582283,,,0.18691828394735616
2.5,5,0.14,0.4578922582362457,0.396961575546834,,,0.18691828394735616
2.5,5,0.16,0.5127920309588648,0.4351919801719727,,,0.18691828394735616
2.5,5,0.18,0.5554918541875686,0.45139712385756864,,,0.18691828394735616
2.5,5,0.2,0.553753273203375,0.4558413583375569,,,0.18691828394735616
2.5,5,0.22,0.5308328564074853,0.4522807947415373,,,0.18691828394735616
2.5,5,0.24,0.5067061018854965,0.4432662110648044,,,0.18691828394735616
2.5,5,0.26,0.4812751984704268,0.4286866697268032,,,0.18691828394735616
2.5,5,0.28,0.45443146708785337,0.40937293762374277,,,0.18691828394735616
2.5,5,0.32,0.3960068752551937,0.36422455392645114,,,0.18691828394735616
2.5,5,0.34,0.36413891607374294,0.33926568497982484,,,0.18691828394735616
2.5,5,0.36,0.3302792094434517,0.3114182692307689,,,0.18691828394735616
2.5,5,0.38,0.2942350056112059,0.280937985375056,,,0.18691828394735616
2.5,5,0.4,0.2557878548568105,0.24739393599730955,,,0.18691828394735616
2.5,5,0.42,0.21468917646418084,0.2093495084408488,,,0.18691828394735616
2.5,5,0.44,0.17065487818636338,0.16826704063312348,,,0.18691828394735616
2.5,5,0.46,0.12335878003611499,0.1232885991800351,,,0.18691828394735616
2.5,5,0.48,0.07242452048969364,0.0724245204896928,,,0.18691828394735616
2.5,5,0.5,0.0174155201795586,0.017415520179559198,,,0.18691828394735616
2.5,5,0.52,-0.04217756348975437,-0.042177563489754794,,,0.18691828394735616
2.5,5,0.54,-0.10695265443465979,-0.10695265443465952,,,0.18691828394735616
2.5,5,0.56,-0.17761639001092025,-0.1776163900109212,,,0.18691828394735616
2.5,5,0.58,-0.2550100051658721,-0.25501000516587247,,,0.18691828394735616
2.5,5,0.6,-0.34014298183631847,-0.34014298183631775,,,0.18691828394735616
2.5,5,0.62,-0.4342373244720765,-0.4342373244720762,,,0.18691828394735616
2.5,5,0.64,-0.5387865940673625,-0.5387865940673628,,,0.18691828394735616
2.5,5,0.66,-0.6556357777326812,-0.6556357777326827,,,0.18691828394735616
2.5,5,0.68,-0.7870911093561666,-0.7870911093561672,,,0.18691828394735616
2.5,5,0.7,-0.9360738185294478,-0.9360738185294485,,,0.18691828394735616
2.5,5,0.72,-1.1063397718703418,-1.1063397718703447,,,0.18691828394735616
2.5,5,0.74,-1.3028004872636816,-1.3028004872636822,,,0.18691828394735616
2.5,5,0.76,-1.5320046552225772,-1.5320046552225797,,,0.18691828394735616
2.5,5,0.78,-1.8028823082649108,-1.8028823082649141,,,0.18691828394735616
2.5,5,0.8,-2.127935491915707,-2.127935491915714,,,0.18691828394735616
2.5,5,0.82,-2.525222716377793,-2.525222716377797,,,0.18691828394735616
2.5,5,0.84,-3.0218317469554,-3.021831746955397,,,0.18691828394735616
2.5,5,0.86,-3.660329071983755,-3.660329071983747,,,0.18691828394735616
2.5,5,0.88,-4.511658838688224,-4.51165883868822,,,0.18691828394735616
2.5,5,0.9,-5.703520512074489,-5.703520512074482,,,0.18691828394735616
2.5,5,0.92,-7.491313022153876,-7.491313022153896,,,0.18691828394735616
2.5,5,0.94,-10.470967205619512,-10.470967205619457,,,0.18691828394735616
2.5,5,0.96,-16.430275572550784,-16.430275572550695,,,0.18691828394735616
2.5,5,0.98,-34.308200673344764,-34.308200673344125,,,0.18691828394735616
2.5,6,0.1,0.2763843103530648,0.23595346913243737,0.17469647676028935,0.36514548542746605,0.18691828394735616
2.5,6,0.3,0.4109124592519582,0.371400330741889,0.33244431568336996,0.4646358437815387,0.18691828394735616
2.5,6,0.02,-2.169366012135111,-2.169366012135106,,,0.18691828394735616
2.5,6,0.04,-0.640772060580001,-0.6431428462068427,,,0.18691828394735616
2.5,6,0.06,-0.13124074339496453,-0.14527004150020212,,,0.18691828394735616
2.5,6,0.08,0.12352491519755386,0.09488075150725939,,,0.18691828394735616
2.5,6,0.12,0.3782905737900721,0.3271226171188233,,,0.18691828394735616
2.5,6,0.14,0.45108076195936314,0.3893844950764169,,,0.18691828394735616
2.5,6,0.16,0.5056734030863314,0.4269395328228635,,,0.18691828394735616
2.5,6,0.18,0.5481343461850843,0.4423166377305333,,,0.18691828394735616
2.5,6,0.2,0.5455442869612203,0.445831221490116,,,0.18691828394735616
2.5,6,0.22,0.5213795999364809,0.4412447914917013,,,0.18691828394735616
2.5,6,0.24,0.4959430872788605,0.43111902269450286,,,0.18691828394735616
2.5,6,0.26,0.4691316279910984,0.41531197919437685,,,0.18691828394735616
2.5,6,0.28,0.44083064318734966,0.39464882107073596,,,0.18691828394735616
2.5,6,0.32,0.3792343821438962,0.3465694865875535,,,0.18691828394735616
2.5,6,0.34,0.3456364215747396,0.3200394210394748,,,0.18691828394735616
2.5,6,0.36,0.30993858847001116,0.29050480769230735,,,0.18691828394735616
2.5,6,0.38,0.2719376693585258,0.2582205544255273,,,0.18691828394735616
2.5,6,0.4,0.23140335563960815,0.22273440564927363,,,0.18691828394735616
2.5,6,0.42,0.18807357200904093,0.1825529329768162,,,0.18691828394735616
2.5,6,0.44,0.14164880383343323,0.13917745244284022,,,0.18691828394735616
2.5,6,0.46,0.09178516394111384,0.09171245541082042,,,0.18691828394735616
2.5,6,0.48,0.038085859441692946,0.03808585944169397,,,0.18691828394735616
2.5,6,0.5,-0.019909389417681608,-0.019909389417681434,,,0.18691828394735616
2.5,6,0.52,-0.08273757568200404,-0.08273757568200424,,,0.18691828394735616
2.5,6,0.54,-0.15102908249105018,-0.15102908249105138,,,0.18691828394735616
2.5,6,0.56,-0.22552890810091872,-0.22552890810091955,,,0.18691828394735616
2.5,6,0.58,-0.3071239551974409,-0.3071239551974408,,,0.18691828394735616
2.5,6,0.6,-0.3968785070036158,-0.3968785070036164,,,0.18691828394735616
2.5,6,0.62,-0.49608090636833585,-0.496080906368336,,,0.18691828394735616
2.5,6,0.64,-0.6063057945513577,-0.6063057945513584,,,0.18691828394735616
2.5,6,0.66,-0.7294983166382646,-0.7294983166382663,,,0.18691828394735616
2.5,6,0.68,-0.868089903986035,-0.8680899039860328,,,0.18691828394735616
2.5,6,0.7,-1.0251603696468399,-1.0251603696468405,,,0.18691828394735616
2.5,6,0.72,-1.2046694732591896,-1.204669473259193,,,0.18691828394735616
2.5,6,0.74,-1.4117953620426704,-1.4117953620426678,,,0.18691828394735616
2.5,6,0.76,-1.6534422322900648,-1.6534422322900677,,,0.18691828394735616
2.5,6,0.78,-1.9390248971278956,-1.939024897127898,,,0.18691828394735616
2.5,6,0.8,-2.2817240949332898,-2.281724094933298,,,0.18691828394735616
2.5,6,0.82,-2.7005786700287713,-2.700578670028769,,,0.18691828394735616
2.5,6,0.84,-3.2241468888981246,-3.224146888898126,,,0.18691828394735616
2.5,6,0.86,-3.8973060274444373,-3.8973060274444324,,,0.18691828394735616
2.5,6,0.88,-4.794851545506184,-4.7948515455061855,,,0.18691828394735616
2.5,6,0.9,-6.051415270792642,-6.051415270792638,,,0.18691828394735616
2.5,6,0.92,-7.936260858722313,-7.936260858722334,,,0.18691828394735616
2.5,6,0.94,-11.077670171938427,-11.077670171938374,,,0.18691828394735616
2.5,6,0.96,-17.36048879837065,-17.360488798370554,,,0.18691828394735616
2.5,6,0.98,-36.20894467766748,-36.208944677666786,,,0.18691828394735616
2.5,7,0.1,0.27169270460083145,0.23099972759465864,0.18550838130660532,0.34854726832669086,0.18691828394735616
2.5,7,0.3,0.3970596094125752,0.35661832259372656,0.3090350769364874,0.4605544695254648,0.18691828394735616
2.5,7,0.02,-2.1576226649467296,-2.1576226649467265,,,0.18691828394735616
2.5,7,0.04,-0.6393005589795041,-0.6416692184031213,,,0.18691828394735616
2.5,7,0.06,-0.13319319032376212,-0.14724670207243418,,,0.18691828394735616
2.5,7,0.08,0.11986049400410881,0.09109657302428469,,,0.18691828394735616
2.5,7,0.12,0.3729141783319797,0.32130373332413864,,,0.18691828394735616
2.5,7,0.14,0.44521523099708576,0.38285970253505874,,,0.18691828394735616
2.5,7,0.16,0.49944102049591516,0.41971448747594203,,,0.18691828394735616
2.5,7,0.18,0.5416166345505603,0.43427261113112914,,,0.18691828394735616
2.5,7,0.2,0.5382081549524087,0.4368854536239222,,,0.18691828394735616
2.5,7,0.22,0.5128738006247462,0.43131487695540643,,,0.18691828394735616
2.5,7,0.24,0.48620605922720683,0.42012976752454095,,,0.18691828394735616
2.5,7,0.26,0.45809681829466525,0.4031584560583882,,,0.18691828394735616
2.5,7,0.28,0.4284259528658714,0.3812196268223909,,,0.18691828394735616
2.5,7,0.32,0.3638481869326143,0.33037366461034023,,,0.18691828394735616
2.5,7,0.34,0.3286239509690194,0.30236146685007387,,,0.18691828394735616
2.5,7,0.36,0.2911982002576998,0.27123664529914643,,,0.18691828394735616
2.5,7,0.38,0.2513578849843596,0.23725303502418546,,,0.18691828394735616
2.5,7,0.4,0.20886154869279705,0.19993835117413092,,,0.18691828394735616
2.5,7,0.42,0.16343443058802296,0.15774625937411227,,,0.18691828394735616
2.5,7,0.44,0.11476251833290786,0.1122137563679996,,,0.18691828394735616
2.5,7,0.46,0.06248527924408055,0.06241022506662449,,,0.18691828394735616
2.5,7,0.48,0.0061867140714975686,0.006186714071496308,,,0.18691828394735616
2.5,7,0.5,-0.054615736314892346,-0.05461573631489215,,,0.18691828394735616
2.5,7,0.52,-0.12048505756681506,-0.12048505756681611,,,0.18691828394735616
2.5,7,0.54,-0.19208214588412206,-0.1920821458841227,,,0.18691828394735616
2.5,7,0.56,-0.270188060412093,-0.2701880604120946,,,0.18691828394735616
2.5,7,0.58,-0.3557326334665372,-0.35573263346653605,,,0.18691828394735616
2.5,7,0.6,-0.4498316638264264,-0.44983166382642786,,,0.18691828394735616
2.5,7,0.62,-0.5538358552768305,-0.5538358552768314,,,0.18691828394735616
2.5,7,0.64,-0.6693960679995011,-0.6693960679995011,,,0.18691828394735616
2.5,7,0.66,-0.7985515998660158,-0.7985515998660176,,,0.18691828394735616
2.5,7,0.68,-0.9438515732158445,-0.9438515732158447,,,0.18691828394735616
2.5,7,0.7,-1.1085248763456497,-1.10852487634565,,,0.18691828394735616
2.5,7,0.72,-1.2967229370654283,-1.2967229370654287,,,0.18691828394735616
2.5,7,0.74,-1.5138745455882499,-1.51387454558825,,,0.18691828394735616
2.5,7,0.76,-1.767218088864874,-1.7672180888648745,,,0.18691828394735616
2.5,7,0.78,-2.0666240945554315,-2.066624094555432,,,0.18691828394735616
2.5,7,0.8,-2.425911301384097,-2.425911301384106,,,0.18691828394735616
2.5,7,0.82,-2.8650401097302454,-2.8650401097302463,,,0.18691828394735616
2.5,7,0.84,-3.4139511201629307,-3.4139511201629325,,,0.18691828394735616
2.5,7,0.86,-4.119693847862101,-4.11969384786209,,,0.18691828394735616
2.5,7,0.88,-5.060684151460991,-5.060684151460988,,,0.18691828394735616
2.5,7,0.9,-6.378070576499445,-6.378070576499454,,,0.18691828394735616
2.5,7,0.92,-8.354150214057114,-8.354150214057135,,,0.18691828394735616
2.5,7,0.94,-11.647616276653222,-11.647616276653153,,,0.18691828394735616
2.5,7,0.96,-18.234548401845434,-18.234548401845355,,,0.18691828394735616
2.5,7,0.98,-37.995344777422254,-37.995344777421465,,,0.18691828394735616
