grp,threshold_mm,lead_days,FAR,FAR_lo,FAR_hi,NPV,NPV_lo,NPV_hi,n_points
10_24,1.0,1,0.6193548387096774,0.527270256916996,0.7040882874889086,0.9622886866059818,0.946264375819135,0.9760047619047619,1
10_25,1.0,1,0.42419481539670073,0.3878118046460768,0.4618350789144371,0.9513000412711514,0.9402491998551624,0.9617643198701687,4
10_26,1.0,1,0.4928270042194093,0.4432035212440835,0.545074131876707,0.8613736609955892,0.8222519905616573,0.8959981323703826,3
11_24,1.0,1,0.5078125,0.45519799562397434,0.5604924554587551,0.9287037037037037,0.9063412675964405,0.9481061673594964,2
11_25,1.0,1,0.6139677666922486,0.5768781935277837,0.6507004289536162,0.9444212285833682,0.9309595588134398,0.9572734296105829,4
11_26,1.0,1,0.7111459968602826,0.6624385223342184,0.757929124836316,0.9587822014051522,0.9471366362524409,0.9695136224536403,3
12_24,1.0,1,0.7139830508474576,0.6476573399939061,0.780299303134288,0.9200581395348837,0.8955661213093062,0.9433174141749723,2
12_25,1.0,1,0.5400696864111498,0.4577847805788982,0.617546439628483,0.8854003139717426,0.8459042677024494,0.9211618912820941,1
3_25,1.0,1,0.4868035190615836,0.4333159392789374,0.5464233119395112,0.9624242424242424,0.9427247422680413,0.9780871014882252,2
3_26,1.0,1,0.5699558173784978,0.51996711509716,0.6206150104999125,0.9529512403763901,0.9370864379084968,0.9682543085844972,2
4_25,1.0,1,0.3901162790697674,0.35010013151602104,0.4338013405834274,0.9397773279352226,0.9256929123000551,0.953876374231716,4
4_26,1.0,1,0.5384052670080468,0.5003509719222462,0.5748574727574511,0.9437526835551739,0.9304841021885144,0.9553166851365114,4
5_24,1.0,1,0.26713124274099886,0.2127498388136686,0.33026691953416226,0.9746707193515705,0.9597371023987451,0.9874787794920229,2
5_25,1.0,1,0.5111591072714183,0.4751945582680311,0.5459803528468324,0.9388816644993498,0.925742539825273,0.9526905292933688,4
5_26,1.0,1,0.4806201550387597,0.4464041246656577,0.5170558020969189,0.941812136325852,0.9298452357158774,0.9538828660011583,4
5_27,1.0,1,0.5412371134020618,0.4820754838047328,0.5984266881412551,0.957089552238806,0.9308927022076545,0.9758483038640323,1
6_24,1.0,1,0.36601941747572814,0.3183708895664044,0.41812689113915347,0.9644087256027555,0.950828079340913,0.9761908134358559,3
6_25,1.0,1,0.4541864139020537,0.4149645321013886,0.4943861082737487,0.9625514403292181,0.9517113351527516,0.9720082655002115,4
6_26,1.0,1,0.3708040593286495,0.3341085490586531,0.41030616521614915,0.9337474120082816,0.918771355104414,0.9477103292620255,4
6_27,1.0,1,0.44041450777202074,0.40437792166648334,0.47881253826033726,0.9488847583643123,0.9370906209402977,0.9607632265091257,4
6_28,1.0,1,0.47555012224938875,0.4287102976626725,0.5232760850642816,0.9378640776699029,0.915777472998457,0.9583816152764439,2
7_23,1.0,1,0.4604486422668241,0.4161054613453558,0.5069638457737421,0.9691119691119691,0.9609248476379023,0.9771231064718855,4
7_24,1.0,1,0.3768796992481203,0.3360330244542603,0.4199658698942756,0.9696048632218845,0.9601212335952587,0.9781452809781931,4
7_25,1.0,1,0.34001670843776105,0.3053711064513612,0.37755874118439237,0.9455782312925171,0.9312611080265902,0.9589629393391216,4
7_26,1.0,1,0.2936833470057424,0.2605420942306685,0.32983557003960623,0.9471134436818732,0.9344672077209915,0.9598170510114953,4
7_27,1.0,1,0.3167044595616024,0.2836152540198004,0.3508548996904047,0.9426885798567215,0.9301331497822212,0.9540759461464435,4
7_28,1.0,1,0.30337078651685395,0.26801443169105676,0.3387547020992598,0.9120476408612002,0.8938664361013051,0.9281891256044961,4
7_29,1.0,1,0.32169576059850374,0.2716475101688648,0.3823566176470588,0.9330783938814532,0.9068691166351088,0.9573645131975712,1
8_23,1.0,1,0.3709090909090909,0.2929269328802039,0.4525742092457421,0.9635562675210252,0.9532519519925785,0.9723667674555295,3
8_24,1.0,1,0.39166666666666666,0.34547305764411024,0.4385538648725335,0.9613575268817204,0.9507415292139254,0.9699742132656365,4
8_25,1.0,1,0.367816091954023,0.3336699840970053,0.4025291062511683,0.9543629061701351,0.9433206008448519,0.9644985352428831,4
8_26,1.0,1,0.380506091846298,0.34828981929495406,0.417680607035457,0.9581589958158996,0.948116790364557,0.967241629990162,4
8_27,1.0,1,0.41725978647686834,0.37919217874106087,0.46376455434503916,0.9665629860031104,0.9569831128744176,0.975565298959331,4
8_28,1.0,1,0.43253968253968256,0.3947240026295246,0.46768691243252614,0.9454022988505747,0.9330527749972195,0.9573179400051515,4
8_29,1.0,1,0.4519104084321476,0.40217928231836025,0.5006942806415831,0.9449035812672176,0.9219178181396831,0.9639245002017219,2
8_30,1.0,1,0.30719377835385614,0.27881546098840365,0.3351107231432621,0.9414157851912124,0.9203025088276876,0.9597765090685445,3
8_31,1.0,1,0.3504330446369087,0.3164218043973311,0.3833214459887832,0.8772619984264359,0.8436722975325549,0.9069787455469719,3
9_23,1.0,1,0.4827586206896552,0.3983660904570211,0.5853781719635378,0.9566974595842956,0.9458150841286614,0.9677107369430146,2
9_24,1.0,1,0.46153846153846156,0.41327251080998406,0.5155560814401489,0.9483712354025814,0.9375760767790262,0.9586136130605113,4
9_25,1.0,1,0.4409448818897638,0.4011092400690846,0.47622265122265117,0.9479871749198433,0.937112375591202,0.9576755621946171,4
9_26,1.0,1,0.39945155393053017,0.3640330208529552,0.4381435358796973,0.9561875480399693,0.9449136799911023,0.9661541479500493,4
9_27,1.0,1,0.49825783972125437,0.4404594703049759,0.5535431235431235,0.9631083202511774,0.9474936023622047,0.9776281952515113,2
9_28,1.0,1,0.5527522935779816,0.49424472986178974,0.614400573050557,0.985655737704918,0.9725714202763907,0.9960645180980284,1
9_30,1.0,1,0.25757575757575757,0.20705521472392638,0.3102902676196808,0.8878787878787879,0.8402644230769231,0.9292929292929293,1
9_31,1.0,1,0.3486005089058524,0.3135993731354556,0.3826098203027999,0.9169764560099133,0.8896268543748107,0.9403975260611501,3
9_32,1.0,1,0.4562012142237641,0.4176279323098749,0.49824701959839834,0.9467625899280575,0.9250890249133581,0.9650890946561158,2
10_24,1.0,2,0.6285714285714286,0.5514676073131956,0.709204081632653,0.9692923898531375,0.9556081296842421,0.9803410053915051,1
10_25,1.0,2,0.4407176287051482,0.40567852229948453,0.4808361280487805,0.9444904722452361,0.9334713844215802,0.9554615449147953,4
10_26,1.0,2,0.48376068376068376,0.43520612804021025,0.5369971483919097,0.8645443196004994,0.8279896396698856,0.8982269068156397,3
11_24,1.0,2,0.5253333333333333,0.4735286323009769,0.5754548437464642,0.9098360655737705,0.8839600713374073,0.9328383549147303,2
11_25,1.0,2,0.6168371361132966,0.5788682175626769,0.6562472802906135,0.9385567010309278,0.9232898009950249,0.9522581190291236,4
11_26,1.0,2,0.7053872053872053,0.6568081051976241,0.7557985805648086,0.9554637281910009,0.9435759015307945,0.9659108712460324,3
12_24,1.0,2,0.7164179104477612,0.6513356951561544,0.7812516587048832,0.9187817258883249,0.8935385700250372,0.9410993506493507,2
12_25,1.0,2,0.5474452554744526,0.462685239284007,0.6245723684210527,0.8753846153846154,0.8351572739187418,0.9112174540569894,1
3_25,1.0,2,0.49524714828897337,0.4400331776782679,0.5577874692837285,0.9685929648241206,0.954536530223703,0.9801063722524703,2
3_26,1.0,2,0.5784883720930233,0.5259908285084798,0.63547421370405,0.9508620689655173,0.932799256937188,0.9655635070871231,2
4_25,1.0,2,0.4006908462867012,0.36172331594969315,0.44477102301804095,0.9351710056151098,0.9180697644557518,0.9506200358030484,4
4_26,1.0,2,0.5557971014492754,0.5182845347004317,0.5928130269693047,0.9356649395509499,0.9220692720851523,0.9486218393955062,4
5_24,1.0,2,0.2632794457274827,0.20348184319453932,0.32752081852340814,0.9816700610997964,0.9706154167828269,0.9907443279651574,2
5_25,1.0,2,0.5225483178239084,0.4875060263064748,0.5583935412602533,0.9334493257938234,0.9188002079754295,0.946684981181458,4
5_26,1.0,2,0.5055031446540881,0.4692309587856357,0.5395487142710789,0.9253300330033003,0.9110687628488058,0.9387532666878744,4
5_27,1.0,2,0.5456989247311828,0.482831917978459,0.6084212747994935,0.9420289855072463,0.9106500933706816,0.9677465003043214,1
6_24,1.0,2,0.35826771653543305,0.3110171875135224,0.40418827229772153,0.964123006833713,0.9500816767042366,0.9757817293516108,3
6_25,1.0,2,0.4637002341920375,0.42182312842702074,0.5049210603768549,0.9606625258799172,0.9497248595705747,0.9694268456248962,4
6_26,1.0,2,0.3843167701863354,0.34826281418195737,0.4232895113431929,0.928156146179402,0.9097853858829742,0.9430295416505631,4
6_27,1.0,2,0.44983818770226536,0.41322003210147196,0.4882843796099694,0.9423523942352394,0.9289882789271071,0.954801241142374,4
6_28,1.0,2,0.4758961681087763,0.43039446442192436,0.5224212585797678,0.933589990375361,0.9088941320057037,0.9557527215102659,2
7_23,1.0,2,0.4691211401425178,0.42657301570345046,0.5206623795784635,0.9656622284512965,0.9563880929568953,0.9742679380133753,4
7_24,1.0,2,0.39190432382704693,0.35085486747557687,0.4349835376845492,0.9685703334610962,0.9592377068815331,0.9759599959361965,4
7_25,1.0,2,0.34833333333333333,0.31254601811495,0.38898612151363793,0.9423076923076923,0.9259645168978148,0.9569209044863063,4
7_26,1.0,2,0.31377343113284434,0.2787497322943609,0.35396376405873275,0.9392466585662211,0.9243611205631823,0.951759176037791,4
7_27,1.0,2,0.3312788906009245,0.29718108421899725,0.36774293148308757,0.9282735613010842,0.9143874822186429,0.9430178330187392,4
7_28,1.0,2,0.30361930294906164,0.27077315278555225,0.33945319245750566,0.9060798548094374,0.8862889805899435,0.9230803373280071,4
7_29,1.0,2,0.329923273657289,0.2677717474392295,0.3965006183866978,0.9155722326454033,0.8787299714661984,0.9459621223433378,1
8_23,1.0,2,0.4318181818181818,0.36077151501568805,0.5194602078490359,0.9545454545454546,0.9431711194277853,0.9657482995802568,3
8_24,1.0,2,0.38687150837988826,0.3378693181818182,0.4351757068883766,0.961744966442953,0.9511248649409624,0.9709970451868157,4
8_25,1.0,2,0.3849329205366357,0.3485701439412454,0.4246409209211012,0.9508617528419508,0.9380257135157775,0.962190963943483,4
8_26,1.0,2,0.37734082397003743,0.33935864481727385,0.4146690024643737,0.9596651445966514,0.9492971402679636,0.9689469404846067,4
8_27,1.0,2,0.4217506631299735,0.3821838529046113,0.46454262578928296,0.9660818713450292,0.9564313482376355,0.9744717941733128,4
8_28,1.0,2,0.43700787401574803,0.40198921753482525,0.47567498789576973,0.9451772464962902,0.9319537824189498,0.956871229184162,4
8_29,1.0,2,0.475,0.42954620379514824,0.519947443414947,0.9292279411764706,0.9027989227185335,0.9529670205846664,2
8_30,1.0,2,0.31633311814073595,0.28476243290769704,0.343608166552935,0.9329517579721995,0.9090794787777184,0.9550603722958243,3
8_31,1.0,2,0.3581890812250333,0.32363203572632293,0.39425177045863313,0.868503937007874,0.8289609402530281,0.9027251838235294,3
9_23,1.0,2,0.4491525423728814,0.3709677419354839,0.5463107638888889,0.9595375722543352,0.9493742550758844,0.968840561833805,2
9_24,1.0,2,0.5052631578947369,0.45737612612612616,0.5534981322035443,0.9469108972368829,0.9359486607142857,0.9560782860511301,4
9_25,1.0,2,0.44988864142538976,0.4119374795245004,0.4887981146447205,0.9467476769120801,0.936483396968736,0.9566728664869094,4
9_26,1.0,2,0.4109347442680776,0.3746566319502649,0.45044538841415627,0.9597970335675253,0.9493196455688862,0.9689318049173384,4
9_27,1.0,2,0.5215231788079471,0.46832756661680974,0.580976093160193,0.9630225080385852,0.94623872183586,0.9762853102887294,2
9_28,1.0,2,0.5550239234449761,0.5010087490584623,0.6153947368421053,0.9683794466403162,0.9479489164086687,0.9854842079149748,1
9_30,1.0,2,0.26245847176079734,0.20977320116724618,0.3187852640675037,0.8944099378881988,0.8431302521008404,0.9318309979494189,1
9_31,1.0,2,0.3508682328907048,0.3189351803718561,0.3807254542493031,0.9066339066339066,0.8709226012474367,0.9316785063413545,3
9_32,1.0,2,0.4660361134995701,0.4280990353519998,0.5052307109016619,0.9372262773722628,0.9107458697446513,0.9609948856490031,2
10_24,1.0,3,0.6331360946745562,0.5504841460967289,0.7194800860342653,0.9655629139072848,0.9496570478126567,0.9786459138500456,1
10_25,1.0,3,0.43343653250773995,0.39967669922552307,0.4698659374634236,0.9504991680532446,0.9403531296379184,0.9601812431625741,4
10_26,1.0,3,0.4661857529305681,0.4168000239657024,0.5175760529316364,0.862297053517739,0.828605351005514,0.8944162118762072,3
11_24,1.0,3,0.522911051212938,0.4719680526765029,0.5766788808435578,0.9086799276672695,0.8835865413993278,0.9321565384576069,2
11_25,1.0,3,0.6230407523510971,0.5848559057135222,0.6602745454221313,0.9359504132231405,0.9218060338191787,0.9493330704383487,4
11_26,1.0,3,0.7312703583061889,0.6821154054934319,0.7785994800218938,0.9504170528266914,0.9368195660887634,0.9616475547990441,3
12_24,1.0,3,0.7413793103448276,0.6776676699656498,0.8056282232115308,0.9096820809248555,0.8820546671801611,0.9342859721505931,2
12_25,1.0,3,0.5703703703703704,0.4905998886840366,0.6553046109629548,0.863914373088685,0.8289651776542666,0.9013463279139345,1
3_25,1.0,3,0.5052531041069723,0.45080500894454384,0.5616369152396947,0.9525593008739076,0.9342437043720778,0.9680313121625461,2
3_26,1.0,3,0.5880681818181818,0.5363380041011621,0.6378358022883965,0.9501748251748252,0.9326034993489986,0.9654918758128274,2
4_25,1.0,3,0.4086081609837898,0.3724251835567625,0.44609503284072244,0.9423177766124803,0.9269436056582506,0.9558701604856462,4
4_26,1.0,3,0.5795836131631967,0.546766146255247,0.6142466762891826,0.9383778885364749,0.9240733596448166,0.9514145954050393,4
5_24,1.0,3,0.2705202312138728,0.21519176152372366,0.3353569336042486,0.9745676500508647,0.9609134630397367,0.9855374233838757,2
5_25,1.0,3,0.5422100205902539,0.5096478020829706,0.5807926767100542,0.9316659222867352,0.9174867435603009,0.9455216810510486,4
5_26,1.0,3,0.5023328149300156,0.46995708843912065,0.5359985019767729,0.9294605809128631,0.9152136006974717,0.9423322930338085,4
5_27,1.0,3,0.5437158469945356,0.4884954844006568,0.6012930817926044,0.9390681003584229,0.9084108582435614,0.9648278608453827,1
6_24,1.0,3,0.3587710604558969,0.3137467695665019,0.4087192247249869,0.9614293817356778,0.9480869924034523,0.9735851706593174,3
6_25,1.0,3,0.48238897396630936,0.44262376825466476,0.5210011912660595,0.9556485355648535,0.9433799273896136,0.9659376231272742,4
6_26,1.0,3,0.402457757296467,0.36538027108433735,0.44142458813595925,0.9214703425229741,0.9031146294739167,0.9363568148170122,4
6_27,1.0,3,0.4631782945736434,0.4273897110862967,0.5028628540515618,0.9334264432029795,0.9195200436971597,0.9472189422606894,4
6_28,1.0,3,0.47429305912596403,0.4291058621820463,0.5205373896247241,0.9214953271028037,0.8961219250524742,0.94211511527688,2
7_23,1.0,3,0.4788732394366197,0.425752526197058,0.5333391203703703,0.9644866385372715,0.9544413797142187,0.9730924413196268,4
7_24,1.0,3,0.38904363974001854,0.35055499531289946,0.4318886009152891,0.967544864452081,0.9587996515548894,0.9757851091422077,4
7_25,1.0,3,0.3544093178036606,0.3166611295681063,0.3915678249756573,0.9398556535685646,0.9241296864479557,0.9529869968234717,4
7_26,1.0,3,0.30737365368682684,0.2695307000452534,0.3470456942636086,0.937324226597027,0.9231068606803902,0.9502247176072004,4
7_27,1.0,3,0.34019832189168575,0.30247523587612773,0.37999032234774016,0.9266247379454927,0.9102725181942285,0.9411028915795593,4
7_28,1.0,3,0.31550068587105623,0.279328811834674,0.35219258448755925,0.8891867739052726,0.8675538412998895,0.9101323847924313,4
7_29,1.0,3,0.33753148614609574,0.2830575074577395,0.3982740943267259,0.9165085388994307,0.882901694233021,0.9473707254124804,1
8_23,1.0,3,0.375,0.3033746556473829,0.4558888028895769,0.9549763033175356,0.9430759782298672,0.9648385495658217,3
8_24,1.0,3,0.40350877192982454,0.35800345171716064,0.45602828486396546,0.951859229747676,0.9394021024643234,0.9628128114097529,4
8_25,1.0,3,0.3851063829787234,0.34844621111598595,0.4228811682623013,0.9448476052249637,0.9318072386072269,0.9567732309146375,4
8_26,1.0,3,0.38910133843212236,0.3500457536023722,0.42927480645045063,0.950188679245283,0.9392576383509769,0.9609659922104937,4
8_27,1.0,3,0.4406631762652705,0.40184157774605506,0.4817877909189156,0.9607843137254902,0.9500556031219966,0.9702893865408933,4
8_28,1.0,3,0.446676970633694,0.4094066256121086,0.48405116186741426,0.9450457951706911,0.931047322889014,0.9569695106094532,4
8_29,1.0,3,0.47214854111405835,0.42435495626822156,0.5195152279402375,0.9287020109689214,0.9016655382944581,0.9521529945245112,2
8_30,1.0,3,0.3176546391752577,0.28641299038621776,0.3482968797020081,0.9327868852459016,0.9099084059017282,0.9523054666266324,3
8_31,1.0,3,0.3624747814391392,0.3283446682414957,0.3983433681336126,0.8575875486381322,0.8169587744919276,0.8925686779494727,3
9_23,1.0,3,0.5084745762711864,0.4247653526414588,0.6067415730337079,0.9554913294797688,0.94473584640828,0.9669520374588711,2
9_24,1.0,3,0.5208333333333334,0.4751832148210115,0.5697253994773595,0.945273631840796,0.9338531372510893,0.9558222567234415,4
9_25,1.0,3,0.48156424581005586,0.4416598468848997,0.5204835781482092,0.9360942520528382,0.9242754843449975,0.9479276506916658,4
9_26,1.0,3,0.4209138840070299,0.3835556662710764,0.45967780632778155,0.9562157935887412,0.94411006379992,0.9663103830041613,4
9_27,1.0,3,0.5289256198347108,0.4725768592856113,0.586717022358059,0.9597747385358005,0.9429620351746468,0.9732697967276708,2
9_28,1.0,3,0.5434782608695652,0.4838410252315554,0.6038789629459055,0.9745098039215686,0.9548994682618811,0.9882352941176471,1
9_30,1.0,3,0.271356783919598,0.22372500925583116,0.33110594237695073,0.8685015290519877,0.8113155136268344,0.9121972614462988,1
9_31,1.0,3,0.3511995916283818,0.3196538144602956,0.3849349205206358,0.906519065190652,0.8761396204971093,0.9341416593229336,3
9_32,1.0,3,0.4645669291338583,0.4271987858032379,0.5047852718728169,0.926241134751773,0.8967500762892889,0.9520505383050655,2
10_24,1.0,4,0.6379310344827587,0.5442019884877028,0.7232737856282617,0.9666666666666667,0.94864505427806,0.981408318978727,1
10_25,1.0,4,0.4429260450160772,0.40567531718060373,0.4801918759754288,0.935562805872757,0.9234251896873443,0.9482052949674105,4
10_26,1.0,4,0.4764862466725821,0.4242393168767246,0.5311681171877798,0.8595744680851064,0.8227596488416812,0.8913997001235742,3
11_24,1.0,4,0.523224043715847,0.471993832703161,0.5769888462694218,0.9050179211469535,0.8798835025489917,0.9300117062272842,2
11_25,1.0,4,0.6195562859490551,0.5837849702989204,0.6574227606755024,0.9302137958854376,0.9154717128944239,0.9440699071799645,4
11_26,1.0,4,0.7217391304347827,0.6769025689426978,0.7680409809873782,0.949021392808375,0.9370685533949199,0.9609606834023842,3
12_24,1.0,4,0.7437070938215103,0.6744690393518518,0.8071035749378798,0.9057406094968108,0.8759538782290325,0.9326121917111619,2
12_25,1.0,4,0.5769230769230769,0.5068953708077468,0.6535554353099227,0.8569277108433735,0.8133096538392471,0.895179686175662,1
3_25,1.0,4,0.5191053122087604,0.4620297978887427,0.579581354221642,0.9483870967741935,0.927950230393441,0.9685153605416108,2
3_26,1.0,4,0.6053748231966054,0.5577459645291705,0.6564919058252877,0.9404031551270815,0.9234043967799578,0.9567494245689984,2
4_25,1.0,4,0.4064852345107122,0.368751384024135,0.4470823891491448,0.9273743016759777,0.9118125740000129,0.9430902262572014,4
4_26,1.0,4,0.5789473684210527,0.5455828180502565,0.6129317198443134,0.9286657859973579,0.9123172324738981,0.9431529231225352,4
5_24,1.0,4,0.27199074074074076,0.21576257746189317,0.3374487773155004,0.9725609756097561,0.9586071560685787,0.9851209119752685,2
5_25,1.0,4,0.5428773919206237,0.5055615629155267,0.578921256367264,0.9234135667396062,0.9065569872196534,0.9389822396048142,4
5_26,1.0,4,0.5340030911901081,0.4995887058612221,0.5697619047619047,0.9138218151540383,0.8978798115593366,0.9302094405658071,4
5_27,1.0,4,0.5447154471544715,0.48386435748281337,0.6071483347940403,0.9405405405405406,0.9114662929406884,0.9634146341463414,1
6_24,1.0,4,0.36742800397219466,0.32131067634798977,0.42025976938561177,0.9558073654390935,0.9408884599988563,0.9700378417557742,3
6_25,1.0,4,0.4861111111111111,0.4427819712971638,0.5252985255015712,0.9516666666666667,0.9399063734326014,0.9622887056398514,4
6_26,1.0,4,0.4019984627209839,0.36208929258224914,0.442068234087272,0.9215031315240083,0.9049582159920511,0.9350375663510262,4
6_27,1.0,4,0.4679196370706416,0.42696502257863594,0.5078737523416824,0.9289363678588016,0.9132694915328375,0.9441592233721484,4
6_28,1.0,4,0.4760672703751617,0.42803113740660675,0.5220793594426406,0.9181395348837209,0.8933072830923104,0.9404321143864167,2
7_23,1.0,4,0.4799498746867168,0.42857142857142855,0.5298311880854505,0.9551414768806074,0.9432442441280648,0.9663610661595713,4
7_24,1.0,4,0.3943127962085308,0.35269674168921744,0.43794379112870535,0.9606209769026883,0.9499199306850649,0.9701833344465968,4
7_25,1.0,4,0.34545454545454546,0.3076322110462211,0.38634909736623546,0.9330972058244785,0.9169922801226051,0.9481587900477229,4
7_26,1.0,4,0.32425742574257427,0.28688136119959595,0.36522808954308494,0.9303542673107891,0.9159981102292599,0.9437051848934178,4
7_27,1.0,4,0.3433641975308642,0.3086551193085714,0.38320649764623926,0.92125,0.9062363372217237,0.9363549403468415,4
7_28,1.0,4,0.33152542372881355,0.29676655819066283,0.3683501323018395,0.8829356145880234,0.8607160744498071,0.9020249633821733,4
7_29,1.0,4,0.356234096692112,0.2885030507279896,0.4266263631066345,0.8983050847457628,0.8587196467991169,0.9320429488234326,1
8_23,1.0,4,0.43209876543209874,0.3586920766590389,0.5116420873511061,0.9501779359430605,0.9369436758601225,0.9616050989553527,3
8_24,1.0,4,0.4243759177679883,0.37480323144350963,0.4751634546403183,0.9466003316749585,0.9340420885735808,0.9590298262864635,4
8_25,1.0,4,0.3707865168539326,0.3347998816575915,0.40458853981426596,0.9394155381325731,0.9243994779105522,0.952195758492785,4
8_26,1.0,4,0.396584440227704,0.35870372784150156,0.43771572796220315,0.9489023467070401,0.9371817674011085,0.9592786419379712,4
8_27,1.0,4,0.443859649122807,0.40243697133941037,0.48461620398424476,0.9581377151799687,0.9477502980307504,0.9674126150926353,4
8_28,1.0,4,0.44603174603174606,0.4090370928244109,0.48295406941950925,0.9384236453201971,0.9251687581322645,0.9509495612199076,4
8_29,1.0,4,0.4881889763779528,0.4348286841764316,0.5395143959425116,0.9208103130755064,0.8916735379964023,0.9472853681609329,2
8_30,1.0,4,0.3200257566001288,0.2884018028437723,0.35411335155722096,0.9302707136997539,0.9082854727213134,0.9500009321401939,3
8_31,1.0,4,0.3652694610778443,0.32924473779047264,0.39820305830339675,0.8605200945626478,0.8190892372747595,0.8977520896403344,3
9_23,1.0,4,0.4672897196261682,0.37863421674101283,0.5567120765832106,0.9551981619758759,0.9437265720630744,0.966574249914037,2
9_24,1.0,4,0.5538160469667319,0.49897057177102816,0.6043975854317195,0.9441130298273155,0.932499437463804,0.9540160274414222,4
9_25,1.0,4,0.47740440324449596,0.4330473934464076,0.5220828803004843,0.9322273208612778,0.9196910750492089,0.9444279571262246,4
9_26,1.0,4,0.4299559471365639,0.38977790290793546,0.46709473705280297,0.9515814135103475,0.9398407922427224,0.9617300107672082,4
9_27,1.0,4,0.5235690235690236,0.46550501922951565,0.5763848802436281,0.9585326953748007,0.9419665517556248,0.9727696718951647,2
9_28,1.0,4,0.551219512195122,0.4946959210040605,0.6126774573168453,0.9649805447470817,0.939107931759791,0.9849557165861513,1
9_30,1.0,4,0.26475548060708265,0.21830665813060177,0.31877057793345004,0.8731117824773413,0.8141137359928582,0.9177451641451388,1
9_31,1.0,4,0.34780361757105943,0.31508194939973466,0.3818044339616066,0.8984468339307049,0.867880938821998,0.9268188912596808,3
9_32,1.0,4,0.4705357142857143,0.4342859095147754,0.510958162257591,0.9024725274725275,0.870619153321706,0.9302464339235167,2
10_24,1.0,5,0.6428571428571429,0.5683029061102831,0.7171570941515866,0.9690026954177897,0.9541534326169345,0.9828819261956603,1
10_25,1.0,5,0.45476190476190476,0.41940239190120554,0.49032653879992194,0.9326765188834154,0.9202029801604985,0.9435060716708401,4
10_26,1.0,5,0.48381452318460194,0.4320845334370463,0.5362970806141806,0.858195211786372,0.8202682659710299,0.891361231992797,3
11_24,1.0,5,0.5234270414993306,0.47542778768806165,0.5770843115694374,0.9100817438692098,0.8845072529475527,0.93287007936578,2
11_25,1.0,5,0.6292962356792144,0.589731467473525,0.6679567737569431,0.9260307194826193,0.9106358398476366,0.9394552047760727,4
11_26,1.0,5,0.739424703891709,0.6921653743434164,0.788668069611274,0.9458963778083448,0.9328199056265648,0.9580056778117287,3
12_24,1.0,5,0.75,0.6857094376212023,0.814346252663241,0.9063400576368876,0.8792819857653646,0.9327175248409246,2
12_25,1.0,5,0.5851851851851851,0.5081902159771012,0.6587413055109684,0.8577981651376146,0.8146166100254886,0.8969735937285105,1
3_25,1.0,5,0.5142585551330798,0.45209273058826177,0.570757693716798,0.9434673366834171,0.9221905497668024,0.9618966654213649,2
3_26,1.0,5,0.5971223021582733,0.5450526331052082,0.643798652775672,0.9418907198612315,0.9242235274546047,0.958962672027945,2
4_25,1.0,5,0.43564356435643564,0.39308943016839587,0.47596084533165073,0.9243876464323749,0.9061932390099812,0.9400224821168216,4
4_26,1.0,5,0.5912806539509536,0.5571728056653414,0.6261371042191413,0.9272890484739676,0.9115106745796127,0.9414289568326282,4
5_24,1.0,5,0.2839366515837104,0.2288147552319264,0.34438524088645234,0.9761410788381742,0.9618676380541098,0.987512069307303,2
5_25,1.0,5,0.5451314854299929,0.510327519379845,0.5802778615138817,0.9213630406290957,0.9035599850003649,0.9365993680307338,4
5_26,1.0,5,0.5306585919757759,0.4947778015442525,0.5647453403624002,0.92,0.9054999008448527,0.9329795294352861,4
5_27,1.0,5,0.5561224489795918,0.49795440051020406,0.6182953600147888,0.9492481203007519,0.9205398224556138,0.9722348484848484,1
6_24,1.0,5,0.3796477495107632,0.32981758373205744,0.43168538646125304,0.9537142857142857,0.9386016649912081,0.9687341225898906,3
6_25,1.0,5,0.48860958366064416,0.44897616253372147,0.5301160110840768,0.945934791580685,0.9322183004181244,0.9581303622944064,4
6_26,1.0,5,0.4180576631259484,0.380077877860209,0.4647444331983806,0.9163162321278385,0.8980848371881325,0.9327665600418044,4
6_27,1.0,5,0.47701149425287354,0.43897250021437906,0.517481219805455,0.9272300469483568,0.9108995378461159,0.9423798561858482,4
6_28,1.0,5,0.4846153846153846,0.4334462018755383,0.5393328879642748,0.9147940074906367,0.8898967012531931,0.9372518650033484,2
7_23,1.0,5,0.49493670886075947,0.4492539682809181,0.5441756804536702,0.9497591190640055,0.9378592120138876,0.9611676418626514,4
7_24,1.0,5,0.400562851782364,0.35733577364463787,0.4447543608269812,0.9604562737642586,0.9502667999325793,0.9710588767573463,4
7_25,1.0,5,0.371160409556314,0.3310177034428795,0.4149451450773652,0.9251188589540412,0.906908055774106,0.9419437426915498,4
7_26,1.0,5,0.3346872461413485,0.29655536845795527,0.38065984729534186,0.929817444219067,0.9150207133665466,0.943404542085521,4
7_27,1.0,5,0.35280898876404493,0.32016015102668843,0.39024716316681884,0.9254553155442609,0.910903703369875,0.9400635115045203,4
7_28,1.0,5,0.3417890520694259,0.30510281315798854,0.38156032066774687,0.8817106460418562,0.8594163480281234,0.9010458940405345,4
7_29,1.0,5,0.36548223350253806,0.300213776649808,0.42783737345593015,0.8924528301886793,0.8507407698350353,0.9302763523903316,1
8_23,1.0,5,0.48872180451127817,0.4160111269245698,0.567577407504592,0.9489225857940942,0.9368875216360242,0.959860829326116,3
8_24,1.0,5,0.4310099573257468,0.3766653331845283,0.48055947082096934,0.9488807216839291,0.9362940189446867,0.9598984382692785,4
8_25,1.0,5,0.3959731543624161,0.3611095915390226,0.43416859449506634,0.9321912919343326,0.9171075256663621,0.9460632943413673,4
8_26,1.0,5,0.40152963671128106,0.3637182096036518,0.4410984473892405,0.9452830188679245,0.9333565843285164,0.9559171562437491,4
8_27,1.0,5,0.4525862068965517,0.4128511422826928,0.49442384787230875,0.9582018927444795,0.9482962490637841,0.9678704830869405,4
8_28,1.0,5,0.4625199362041467,0.42076867219917014,0.5000112917795845,0.9287469287469288,0.9134572757910178,0.9439766852452597,4
8_29,1.0,5,0.49076517150395776,0.4440519560587378,0.5361486071675235,0.9174311926605505,0.891480939285981,0.9417922723405795,2
8_30,1.0,5,0.32520846696600386,0.2947332859174964,0.3571902145533282,0.9266281945589447,0.9024530580725659,0.9479688357395599,3
8_31,1.0,5,0.3679945982444294,0.3339583333333333,0.40446380111111174,0.8489542989930287,0.8093565162857619,0.8824893079231453,3
9_23,1.0,5,0.49586776859504134,0.4123483140034364,0.5824404761904762,0.9571511291256514,0.9457246464892023,0.967476401066173,2
9_24,1.0,5,0.560377358490566,0.5146401580453075,0.6111648250460405,0.9453569172457359,0.934057365636313,0.9552551338862563,4
9_25,1.0,5,0.4925544100801833,0.4568934451103862,0.5335535430676174,0.9291533829259653,0.9152284185506134,0.9429584792772022,4
9_26,1.0,5,0.44760213143872113,0.40992876526458616,0.4856537269845037,0.9420233463035019,0.929534504592364,0.9529666076501833,4
9_27,1.0,5,0.5342465753424658,0.47859865911169586,0.5921160063845461,0.9501582278481012,0.9330622483721855,0.9661623881869107,2
9_28,1.0,5,0.5545023696682464,0.4986741879453025,0.6145363427239865,0.9721115537848606,0.9503227808073698,0.9883057935536516,1
9_30,1.0,5,0.2602739726027397,0.21324574813919145,0.31386943144250595,0.8647058823529412,0.8036660561660561,0.90986753042527,1
9_31,1.0,5,0.35677352637021714,0.3223561796410143,0.3945478592277048,0.8770883054892601,0.8423691677175283,0.9070149947508885,3
9_32,1.0,5,0.46968325791855203,0.42987697342728715,0.5089373317325622,0.8950201884253028,0.8626352434381888,0.9220665718685055,2
10_24,1.0,6,0.6344086021505376,0.541095890410959,0.7180941437719479,0.9728997289972899,0.9576853891336271,0.9856326870108266,1
10_25,1.0,6,0.4725868725868726,0.4340422463912623,0.5132329051886728,0.9300291545189504,0.9177896200853223,0.9415908212814906,4
10_26,1.0,6,0.49784296807592754,0.4441350456130077,0.5487921202415219,0.851828890266584,0.8131935511126601,0.8847179367759214,3
11_24,1.0,6,0.545335085413929,0.4973329758713137,0.5984761737998464,0.8997240110395585,0.8721212703067541,0.9262017780745191,2
11_25,1.0,6,0.65,0.6132275788621949,0.6876467376467377,0.9221854304635762,0.9053150571146925,0.9368617748807102,4
11_26,1.0,6,0.7569659442724458,0.7098187996165852,0.8003338116927684,0.9459078080903104,0.9334793020923945,0.9585868319059094,3
12_24,1.0,6,0.7695652173913043,0.7031052631578947,0.8337035408250866,0.8998559077809798,0.872354675669857,0.9248930628460201,2
12_25,1.0,6,0.6061643835616438,0.525402889691581,0.68732099161619,0.8575949367088608,0.816703194200085,0.8966050005983366,1
3_25,1.0,6,0.521780303030303,0.46345876963350785,0.579743688031307,0.9356060606060606,0.9138050795845473,0.9554175513092711,2
3_26,1.0,6,0.6439290586630286,0.5974013073019695,0.6902782755310278,0.9228699551569507,0.8993195834567086,0.9423251956481771,2
4_25,1.0,6,0.4421162912519644,0.40370521477190047,0.4834661273532453,0.9423614997202014,0.9260511871116773,0.957227806872086,4
4_26,1.0,6,0.6021150033046927,0.5682624753291896,0.6366112507707632,0.9267063673843335,0.9100725702272094,0.9407184457180003,4
5_24,1.0,6,0.30089485458612975,0.23979912083418523,0.3632982568027211,0.9675052410901468,0.9495605387680558,0.9823789687521398,2
5_25,1.0,6,0.5638157894736842,0.5323955702197525,0.5991105986797599,0.9278492647058824,0.9133163775420803,0.9425823063583758,4
5_26,1.0,6,0.5363703159441587,0.5045702115926044,0.5709501565348339,0.9233404710920771,0.9084075195048924,0.9374787700696438,4
5_27,1.0,6,0.5975,0.54371921182266,0.6540749361080687,0.9236641221374046,0.8809481443823081,0.9573492420548735,1
6_24,1.0,6,0.39040451552210725,0.34432218271784354,0.44248440618110774,0.9607957870099474,0.9446488469601677,0.9736694754698368,3
6_25,1.0,6,0.5087719298245614,0.4706793604709976,0.5496933839495075,0.9527491408934707,0.9406887011648125,0.9636412210888167,4
6_26,1.0,6,0.4359341445955619,0.3931566931026196,0.48267377359195957,0.9225750326228795,0.907296747749463,0.9370691839468779,4
6_27,1.0,6,0.48173374613003095,0.44403349636391964,0.5227425315202157,0.9341662662181643,0.9177724893686621,0.9479294767777031,4
6_28,1.0,6,0.484375,0.4349435534703392,0.5339691987906274,0.9101851851851852,0.884397538573923,0.9325028078202995,2
7_23,1.0,6,0.5343855693348365,0.48534168977532455,0.5837160078574251,0.9530081879672482,0.9408978050098382,0.9649861682725054,4
7_24,1.0,6,0.4284412032816773,0.38545307218882263,0.4755399503603646,0.9553674490188534,0.9417453870190298,0.9673259831154947,4
7_25,1.0,6,0.38147833474936277,0.341273995974077,0.42324469461697717,0.9213973799126638,0.9022743940751727,0.937824728560611,4
7_26,1.0,6,0.34935897435897434,0.3093876653300616,0.39281151015742216,0.9264705882352942,0.910526156685547,0.9425993640623513,4
7_27,1.0,6,0.36270939548434084,0.32589928521128386,0.4057365569178491,0.9289711579853638,0.9140197486257798,0.9435002686152193,4
7_28,1.0,6,0.3455978975032852,0.3131576505164499,0.3812619511331444,0.8850045998160073,0.8617847033724619,0.9047840868193782,4
7_29,1.0,6,0.375,0.3124665973871734,0.43902611759828647,0.8912213740458015,0.8514518627293209,0.925736503288946,1
8_23,1.0,6,0.5111940298507462,0.440126213592233,0.5877192982456141,0.9468849840255591,0.9330884808773698,0.9590634405215427,3
8_24,1.0,6,0.4583333333333333,0.4077476604278075,0.5145841151170512,0.9491869918699187,0.9355709330906856,0.9609938446836617,4
8_25,1.0,6,0.40154867256637167,0.36685085222186414,0.4428827974321794,0.9323065902578797,0.9169798777587498,0.9457915695415695,4
8_26,1.0,6,0.41834862385321103,0.38024275008145975,0.45705587298243766,0.9474290099769762,0.9351041357079171,0.9575164336687603,4
8_27,1.0,6,0.4623931623931624,0.4224666455696202,0.5019279685622843,0.9556611243072051,0.9448515541045648,0.9654928715978081,4
8_28,1.0,6,0.46392552366175327,0.429571623516205,0.5036487033125084,0.9347735770668882,0.9195165567471828,0.9477249774189684,4
8_29,1.0,6,0.49625,0.4438182723345485,0.5466932558345301,0.9303435114503816,0.9048507035954718,0.9506558231564615,2
8_30,1.0,6,0.33142493638676845,0.30004846421286724,0.36440356814020086,0.925,0.8999934036939314,0.9483635406505032,3
8_31,1.0,6,0.37450462351387054,0.3372910730781795,0.41043600516060735,0.8537360890302067,0.8144248234219132,0.886970179698826,3
9_23,1.0,6,0.5862068965517241,0.4999233128834356,0.6836756497470783,0.9497690531177829,0.9353721869590306,0.9627085093322175,2
9_24,1.0,6,0.5775193798449613,0.5317596413125926,0.6240552325581395,0.9408805031446541,0.928435285241433,0.9518907853783984,4
9_25,1.0,6,0.4965753424657534,0.45639150943396223,0.5396045373768147,0.9283687943262411,0.9142623982221765,0.9415753487673117,4
9_26,1.0,6,0.4487847222222222,0.41095200681332916,0.48694522172757376,0.9465408805031447,0.9346826941068738,0.9584878076528316,4
9_27,1.0,6,0.5429042904290429,0.4870348958514449,0.6012059783636519,0.9533011272141707,0.935529712006883,0.969256353755923,2
9_28,1.0,6,0.5619047619047619,0.5042980060542248,0.6184975174904085,0.9642857142857143,0.9399955752212389,0.9827601019078089,1
9_30,1.0,6,0.26405451448040884,0.2174317454254429,0.31520477370549105,0.8635014836795252,0.8039128151260505,0.9119579609400861,1
9_31,1.0,6,0.3567401332649923,0.3257491666330825,0.3924268470610486,0.8879415347137637,0.8559004855027259,0.9176703900778591,3
9_32,1.0,6,0.47644927536231885,0.4351069432751523,0.5178425843813006,0.8844086021505376,0.8495905695313498,0.918264434202041,2
10_24,1.0,7,0.6735751295336787,0.6093580163043478,0.7443181818181818,0.9658002735978112,0.9519487735911093,0.97916974852071,1
10_25,1.0,7,0.48059701492537316,0.44321280006358965,0.5203077609277431,0.9342105263157895,0.9217427192176078,0.9465035296025631,4
10_26,1.0,7,0.5125628140703518,0.4596124580175476,0.5695651572849662,0.8485424588086184,0.8125766509433963,0.8849413916847263,3
11_24,1.0,7,0.55625,0.5112569998303071,0.5998025887390986,0.9045801526717557,0.8797050294105573,0.9294056007309833,2
11_25,1.0,7,0.6622613803230544,0.6269695132531752,0.6957254467518175,0.9245929734361611,0.9087410762384619,0.9388481964739004,4
11_26,1.0,7,0.7570224719101124,0.7165750461058306,0.7976061910988862,0.9519417475728156,0.9380468801889229,0.9635065205377201,3
12_24,1.0,7,0.7823529411764706,0.725205101251752,0.8362417911221066,0.8998505231689088,0.8721130250636923,0.9238763571664453,2
12_25,1.0,7,0.6414473684210527,0.5631424167444125,0.7142857142857143,0.8451612903225807,0.7997029185174264,0.8871877848452423,1
3_25,1.0,7,0.5421146953405018,0.4790267656484368,0.6024337857760155,0.9385245901639344,0.916790447761194,0.9585777310924369,2
3_26,1.0,7,0.6502057613168725,0.6039503315007485,0.7012476295976418,0.9177837354781054,0.8956698225785434,0.9374519616019886,2
4_25,1.0,7,0.4520973588814086,0.4104076670122234,0.49340465841009185,0.9376770538243626,0.9223081957073129,0.9516567083107007,4
4_26,1.0,7,0.6093023255813953,0.5767016475372453,0.6424344088378757,0.9205842081241442,0.903077517458866,0.9370510670115593,4
5_24,1.0,7,0.3092896174863388,0.2523474547855779,0.3736409608091024,0.9742765273311897,0.9584257371721847,0.9871750035384758,2
5_25,1.0,7,0.582687338501292,0.5474907839241892,0.6219452987914276,0.9189944134078212,0.901497906202874,0.9355328556764602,4
5_26,1.0,7,0.5582558970693352,0.5273352871487671,0.5934087878962011,0.9164127122333479,0.8989190958505932,0.9309596037170724,4
5_27,1.0,7,0.5975609756097561,0.5371853780168425,0.6564816958698373,0.9299610894941635,0.8905472502617466,0.9617821873771364,1
6_24,1.0,7,0.4066543438077634,0.3573452856875835,0.45471979286379927,0.9568047337278106,0.9412823275862069,0.9698348779977534,3
6_25,1.0,7,0.5304223335719399,0.4911901439807482,0.5701228499070662,0.9451935624184428,0.9324253183927962,0.9570837704268363,4
6_26,1.0,7,0.4488355681016232,0.4064122806261751,0.49510934891263536,0.9188240456340501,0.9000909305485926,0.9351212272586974,4
6_27,1.0,7,0.4941753525444513,0.4562104461803257,0.5373945109261767,0.9278450363196126,0.910575673871084,0.942472374716965,4
6_28,1.0,7,0.5108695652173914,0.46109823205947,0.5665495044171515,0.9137254901960784,0.8870466542360419,0.937501599283521,2
7_23,1.0,7,0.5405105438401776,0.4923144878560412,0.588402514831214,0.9531305903398927,0.939258187883966,0.9637784090909091,4
7_24,1.0,7,0.4428822495606327,0.4005286899512648,0.4866376155781357,0.9573885848318999,0.9451027766360766,0.9679453290419985,4
7_25,1.0,7,0.3985086992543496,0.3598060838575948,0.442072501292297,0.9196464443551627,0.9017149720058638,0.937333476344068,4
7_26,1.0,7,0.3619344773790952,0.32247891099031883,0.4061538152395242,0.927920463960232,0.9119244170050586,0.9425822328873842,4
7_27,1.0,7,0.38615274803711636,0.347905029107034,0.42475521676811673,0.9215686274509803,0.9052485827309484,0.9363135032879377,4
7_28,1.0,7,0.34203655352480417,0.3084486516720693,0.3782063027044785,0.890018484288355,0.8691582458922366,0.9107444346183351,4
7_29,1.0,7,0.3609022556390977,0.3004096638655462,0.4263334903936766,0.900952380952381,0.8586630573303626,0.9347501140674904,1
8_23,1.0,7,0.5079365079365079,0.42677757641979586,0.592282625973613,0.9444444444444444,0.930356156828651,0.9580401804817239,3
8_24,1.0,7,0.46567967698519513,0.4188161525399745,0.5152094787091118,0.9471723670843211,0.9356884776176077,0.9589494384985431,4
8_25,1.0,7,0.4204301075268817,0.38526476877485694,0.4597358430876305,0.9309472161966739,0.9149902434527423,0.9438992943880375,4
8_26,1.0,7,0.42987249544626593,0.39239560539752005,0.4673500813813601,0.9441878367975366,0.9311137790451439,0.9559855935507402,4
8_27,1.0,7,0.4735973597359736,0.4301227257294642,0.5138841533489527,0.9585346215780999,0.947981146687534,0.9672263621318655,4
8_28,1.0,7,0.4780058651026393,0.441219143907563,0.5150420504552251,0.9416809605488851,0.9269211157945516,0.9541954296030596,4
8_29,1.0,7,0.5061728395061729,0.4558281696451215,0.5563503581766143,0.9267822736030829,0.8995808403644413,0.9518607081895223,2
8_30,1.0,7,0.33249370277078083,0.2998065450227627,0.3683891199685586,0.9315878378378378,0.9080446920101175,0.9521850570513919,3
8_31,1.0,7,0.37027379400260757,0.33291375304030574,0.40694991239822736,0.8667205169628432,0.8291278301795577,0.8993829396339917,3
9_23,1.0,7,0.5765765765765766,0.4811320754716981,0.6706043513295729,0.9493379389752447,0.9368456302386062,0.961871139480927,2
9_24,1.0,7,0.5802707930367504,0.5387650357510103,0.6220172700577038,0.940547341931425,0.9288351295058864,0.9513886155207149,4
9_25,1.0,7,0.5177548682703322,0.4765517267283247,0.5651425760037889,0.9213602550478215,0.9077566623580209,0.9353464328776461,4
9_26,1.0,7,0.46395250212044103,0.42581101094607265,0.5049101702301222,0.9447755264203417,0.9313105793589602,0.9567915958971921,4
9_27,1.0,7,0.5572998430141287,0.5048161671323343,0.6175690406976745,0.9562345169281585,0.9387538029945748,0.9725563340638278,2
9_28,1.0,7,0.580046403712297,0.5263673657493383,0.6371450733037844,0.9574036511156186,0.9299708527078774,0.9793025121799165,1
9_30,1.0,7,0.2861788617886179,0.23658524563360775,0.344665952094111,0.8737864077669902,0.8124577702702702,0.9177225599600266,1
9_31,1.0,7,0.3724207347760443,0.33769798435050385,0.4077353729412248,0.8726114649681529,0.8328868093834123,0.9076961394769614,3
9_32,1.0,7,0.48384279475982533,0.44649914472166147,0.5256349021435228,0.8961593172119487,0.8543646424639317,0.9288947594501719,2
10_24,2.5,1,0.6068376068376068,0.5031862745098039,0.7163318868980963,0.9727385377942999,0.9586457381772188,0.9842457386363637,1
10_25,2.5,1,0.47320525783619816,0.4334450538123489,0.5156191774927018,0.9460657554488363,0.9347346169738853,0.9556891927883814,4
10_26,2.5,1,0.5140515222482436,0.45893370130079725,0.5719829788891486,0.8670490093847758,0.8290516909356336,0.8983514625563453,3
11_24,2.5,1,0.5077519379844961,0.44819446703167637,0.5673549946294307,0.9234234234234234,0.9050901898115568,0.9401840490797546,2
11_25,2.5,1,0.6618705035971223,0.6137316442725508,0.7059654299831033,0.9640111809923131,0.9553026437287327,0.9720348165957117,4
11_26,2.5,1,0.746177370030581,0.6840469172193564,0.8069714609220764,0.9697341513292433,0.9599839854275725,0.9779032157389745,3
12_24,2.5,1,0.7213114754098361,0.6406450765782242,0.7985641190018282,0.9241736876215165,0.9025082768261002,0.9458992344834414,2
12_25,2.5,1,0.5919540229885057,0.5027857142857143,0.6894889195613833,0.8866666666666667,0.8536485949098621,0.917790218956541,1
3_25,2.5,1,0.5012019230769231,0.448120958525869,0.5588602493372501,0.9616141732283464,0.9444402228976697,0.976887311557789,2
3_26,2.5,1,0.5158371040723982,0.4624406461548333,0.5735335800987061,0.94950213371266,0.933874040344454,0.9636911527896183,2
4_25,2.5,1,0.42,0.3766274924957118,0.4669337693517675,0.9348914858096828,0.9200407540255948,0.9494108671982695,4
4_26,2.5,1,0.5519677093844602,0.5117188374987586,0.5892525550950015,0.9475046210720888,0.935849799874683,0.9580018964120943,4
5_24,2.5,1,0.2707774798927614,0.2202050184962339,0.33146375266524514,0.9709618874773139,0.9575635960653236,0.9828713137303832,2
5_25,2.5,1,0.5714285714285714,0.5337365002361079,0.6114123644746665,0.9377761413843888,0.9266018599510432,0.9484098590868064,4
5_26,2.5,1,0.5412262156448203,0.5005560508858918,0.5784047398161424,0.9334545454545454,0.9206401842111264,0.9463344635821623,4
5_27,2.5,1,0.5714285714285714,0.5108456177537977,0.6322198254730855,0.952922077922078,0.9289397235461199,0.971761968121739,1
6_24,2.5,1,0.36707152496626183,0.3172761705399149,0.42244666430928807,0.9601181683899557,0.9478021746727666,0.9726848748958403,3
6_25,2.5,1,0.4798387096774194,0.4369263299908549,0.5249789255410137,0.9567307692307693,0.9452643585812425,0.9662322714974068,4
6_26,2.5,1,0.4096958174904943,0.36786258006587513,0.45034539277229957,0.9345688350983359,0.9207148187002041,0.9478373844144872,4
6_27,2.5,1,0.4869281045751634,0.4474143928691627,0.5291694479885761,0.9368932038834952,0.9230417367098583,0.9491261125530089,4
6_28,2.5,1,0.5038051750380518,0.456872345364729,0.5479913916786227,0.9319899244332494,0.9106984763432238,0.9502256114308026,2
7_23,2.5,1,0.39883268482490275,0.3468547969444564,0.4554116592873708,0.9676304211187932,0.9584984319325291,0.975688153073947,4
7_24,2.5,1,0.3687580025608195,0.32895555030145407,0.41319775622435606,0.9608919382504288,0.9508545657149741,0.9696155059702477,4
7_25,2.5,1,0.37743589743589745,0.33778455769537474,0.41666882109617376,0.9489158397647923,0.9362234592248794,0.9603787751341825,4
7_26,2.5,1,0.33945841392649906,0.3033679122027698,0.3793118519411623,0.9496619083395943,0.9380218557491083,0.9612971566698587,4
7_27,2.5,1,0.35283363802559414,0.31995819447590085,0.3849895940862494,0.9531129900076863,0.9417230576021487,0.9632559688930685,4
7_28,2.5,1,0.3371900826446281,0.30359069048436965,0.3703856370797838,0.9070796460176991,0.889919523574454,0.9229976421939329,4
7_29,2.5,1,0.3492537313432836,0.29801507835721963,0.40765631093201615,0.9202037351443124,0.8910242759795571,0.9456174455125155,1
8_23,2.5,1,0.38860103626943004,0.3048390359496012,0.4822515286109829,0.9678169833268708,0.9582481281236647,0.9760282567303116,3
8_24,2.5,1,0.3850467289719626,0.34086477523949893,0.43606947288916,0.9601391964568174,0.9497877203555006,0.9698137412518453,4
8_25,2.5,1,0.3858974358974359,0.3494701605002215,0.4247705135521381,0.9585048010973937,0.9476025478101285,0.967399881830665,4
8_26,2.5,1,0.4276018099547511,0.3842189532916992,0.4703843741287984,0.9605263157894737,0.9513204167029247,0.9688478326467798,4
8_27,2.5,1,0.4599786552828175,0.42178307995428743,0.5007052712875657,0.9670170351576658,0.9591196218653834,0.9749830611535789,4
8_28,2.5,1,0.46646646646646645,0.42600455670541604,0.5052175562785354,0.9495736002966259,0.9383020974121178,0.9593171690592511,4
8_29,2.5,1,0.49105691056910566,0.4395820259734734,0.5383577088649649,0.9359286293592863,0.9149596532112366,0.953775611657233,2
8_30,2.5,1,0.38945827232796487,0.3586824244748425,0.42172790545601263,0.9295874822190612,0.9064597314456262,0.9478024884142655,3
8_31,2.5,1,0.4322103533278554,0.39087378835752157,0.47237601222673875,0.8668810289389067,0.8334349628708165,0.8956286258158086,3
9_23,2.5,1,0.5,0.3780093256814921,0.625,0.964527027027027,0.9539981593977129,0.9749899818794496,2
9_24,2.5,1,0.5142857142857142,0.45503608759443376,0.5760280114785105,0.9621413782904467,0.9532386135327312,0.970503860134838,4
9_25,2.5,1,0.49854227405247814,0.4551010205251691,0.5405474351902924,0.9508305647840531,0.9406129916445072,0.9607703024978035,4
9_26,2.5,1,0.44842562432138977,0.40943265158045894,0.4843328706568107,0.9563963963963964,0.946473098988188,0.9657328649326062,4
9_27,2.5,1,0.5031446540880503,0.43958382020721354,0.5652572151424287,0.9620714806710431,0.9479466469318873,0.9742409638956726,2
9_28,2.5,1,0.5849056603773585,0.5285693236037048,0.6453689609090828,0.9801084990958409,0.9644172329308571,0.9924829531930384,1
9_30,2.5,1,0.4004106776180698,0.3448886975771738,0.454902362584378,0.9061784897025171,0.8613314136125654,0.9432123960695389,1
9_31,2.5,1,0.42072480181200456,0.3852769433187271,0.4555602895363753,0.9165009940357853,0.8909213152797034,0.939730560681814,3
9_32,2.5,1,0.5028248587570622,0.45832411504424775,0.545258911303119,0.940809968847352,0.9210518997716761,0.9577114661654136,2
10_24,2.5,2,0.6690647482014388,0.5923504022795842,0.7541138261676461,0.9719745222929936,0.9585463724235782,0.9842104269102676,1
10_25,2.5,2,0.49071358748778104,0.44983497962479574,0.5314064029078709,0.945379723157501,0.9350283842960799,0.9557405147679203,4
10_26,2.5,2,0.5308498253783469,0.47246339372507595,0.5887833660822249,0.8604286461055933,0.8211482982171799,0.8940424651261096,3
11_24,2.5,2,0.5019230769230769,0.4508700852922821,0.5572880066265989,0.9269578313253012,0.9084840710956911,0.9447401145274975,2
11_25,2.5,2,0.6568265682656826,0.6147409824576117,0.696636193539916,0.9632327436697884,0.9541171822337734,0.9712234248334378,4
11_26,2.5,2,0.7094339622641509,0.6379093995473306,0.7816691859814131,0.9680893498205025,0.9591505529034987,0.976660226284556,3
12_24,2.5,2,0.7413793103448276,0.666640127388535,0.8209744445365611,0.9184852374839538,0.8956824066728027,0.9393206838565473,2
12_25,2.5,2,0.6094674556213018,0.5183025386582248,0.6910315525404566,0.8807947019867549,0.8428956746196329,0.9159028905880852,1
3_25,2.5,2,0.5181286549707602,0.4589822949946752,0.5792654808959157,0.9577039274924471,0.9441157368318505,0.9711680067037811,2
3_26,2.5,2,0.5575221238938053,0.5044599747087676,0.6116844535502416,0.9391117478510028,0.9224128888353026,0.9548980972515856,2
4_25,2.5,2,0.425,0.37716081766791587,0.4736951937439592,0.9279801324503312,0.912682639826435,0.9421489322919353,4
4_26,2.5,2,0.5612770339855818,0.5230024227631523,0.6036219990885483,0.9412844036697248,0.9283087552442969,0.9527205208672129,4
5_24,2.5,2,0.26764314247669774,0.2168519957968073,0.327068238727245,0.9762989972652689,0.9656101751928092,0.9861000335480985,2
5_25,2.5,2,0.5835010060362174,0.5470032840722496,0.6242900895502513,0.9352331606217616,0.9222195689444037,0.9468515071506769,4
5_26,2.5,2,0.5577523413111343,0.516292456076431,0.5973374028902495,0.9297989031078611,0.9160883924532409,0.9421745792917788,4
5_27,2.5,2,0.6089965397923875,0.5477834752321982,0.6770860745614036,0.9244094488188976,0.8906465173588461,0.9513321265754895,1
6_24,2.5,2,0.38461538461538464,0.3322677719736543,0.4345278148650808,0.9500978473581213,0.9358099070326334,0.9627505446623094,3
6_25,2.5,2,0.472193074501574,0.4300687461522676,0.5169349488046094,0.95260663507109,0.9400373610929356,0.962550083864475,4
6_26,2.5,2,0.4262135922330097,0.3863421555535089,0.46879285465492365,0.9238559639909978,0.9079042302039512,0.9382616548674195,4
6_27,2.5,2,0.4963144963144963,0.456845525414502,0.5368253178383515,0.9317171717171717,0.9170494128668176,0.9449026376528701,4
6_28,2.5,2,0.5038520801232665,0.4571332046332046,0.5523180348361649,0.9291075896580484,0.9091641017941596,0.94669224652064,2
7_23,2.5,2,0.4346076458752515,0.3782438675255384,0.49060425833395477,0.9590497030321976,0.9483422397923982,0.9693791786217487,4
7_24,2.5,2,0.39167686658506734,0.34705772607550484,0.4360877771074086,0.9617922889892324,0.9516124529060228,0.9705806550813654,4
7_25,2.5,2,0.37044967880085655,0.3333333333333333,0.4100874797088142,0.942795076031861,0.9292055564542753,0.9554985109939216,4
7_26,2.5,2,0.35477582846003897,0.316725435633431,0.39658685111602293,0.9419475655430711,0.9281064525000655,0.9547299096093205,4
7_27,2.5,2,0.36778398510242083,0.3291121247599569,0.4076590274131853,0.9424103737604882,0.9301593683584546,0.9543930235645343,4
7_28,2.5,2,0.3524193548387097,0.3192083184394321,0.38915875462184746,0.9063517915309446,0.8887941778205486,0.9222256728778468,4
7_29,2.5,2,0.35185185185185186,0.2914382961318219,0.41713845546718475,0.9083333333333333,0.8758147725109461,0.9364900996578351,1
8_23,2.5,2,0.4358974358974359,0.3543558625840179,0.5314285714285715,0.9646876212650368,0.9549045434173739,0.974516310955835,3
8_24,2.5,2,0.4084249084249084,0.35580521221330663,0.46251434630738525,0.9580952380952381,0.947741568914956,0.9675719485083869,4
8_25,2.5,2,0.40207522697795073,0.36537063123034025,0.44623414833220754,0.9524786324786325,0.9412556177790895,0.9634214043159163,4
8_26,2.5,2,0.4330011074197121,0.39501371340769226,0.4752312768375852,0.9624060150375939,0.9542037167037166,0.9708676691453526,4
8_27,2.5,2,0.4707757704569607,0.43272197434467374,0.5106564313346228,0.964065335753176,0.9555205923171183,0.9724967453436959,4
8_28,2.5,2,0.48520710059171596,0.4454168831341832,0.5231992122321327,0.9451901565995525,0.932082562320608,0.9560518560599088,4
8_29,2.5,2,0.5275590551181102,0.48181131787675413,0.5807180313672664,0.9241549876339654,0.901645583853376,0.9443571829822947,2
8_30,2.5,2,0.39869281045751637,0.3671127170595633,0.4322709356422848,0.9247311827956989,0.9022095683827354,0.9441493645197155,3
8_31,2.5,2,0.45255474452554745,0.41269709214800726,0.4908824674555211,0.8551007147498375,0.8213253134432319,0.885562389757314,3
9_23,2.5,2,0.4457831325301205,0.351053467808787,0.5507246376811594,0.969971671388102,0.9603390558994007,0.9780528981429375,2
9_24,2.5,2,0.5632183908045977,0.5088298372107273,0.6197760089075252,0.9614695340501792,0.9533694534152269,0.969064275362154,4
9_25,2.5,2,0.5092989985693849,0.46560990958370907,0.5537446005017976,0.9502836169502836,0.9400541328487638,0.9600647652831525,4
9_26,2.5,2,0.46303901437371664,0.4265481236911437,0.4979598008558262,0.9610580455547392,0.9520812908242954,0.969544622954886,4
9_27,2.5,2,0.5324427480916031,0.4721624361103323,0.5905746140651801,0.9667673716012085,0.9533981456289571,0.9782779253698604,2
9_28,2.5,2,0.5805555555555556,0.5234127702932185,0.6402314618604685,0.975177304964539,0.958998115427664,0.9896386410982319,1
9_30,2.5,2,0.38958333333333334,0.3326526342754675,0.44565340350186894,0.9099099099099099,0.871425035360679,0.9417406940799535,1
9_31,2.5,2,0.42889263631253516,0.39710586101542095,0.4608179777582039,0.9083585095669687,0.8816376919497441,0.9319117017099204,3
9_32,2.5,2,0.5210176991150443,0.47616341991341987,0.5654675992429943,0.9322033898305084,0.9106454026339821,0.94908388101414,2
10_24,2.5,3,0.6434108527131783,0.5299129353233831,0.7545559903672486,0.9723270440251572,0.9594227542835185,0.9844317582451677,1
10_25,2.5,3,0.4838709677419355,0.4432160035748947,0.5240312633304723,0.9479985035540591,0.9369995305072478,0.957536993565147,4
10_26,2.5,3,0.5062972292191436,0.4497379044237797,0.5658262917070238,0.8594539939332659,0.822899990160816,0.8938460664510007,3
11_24,2.5,3,0.5224171539961013,0.4685934596804162,0.5798769417423143,0.9168539325842696,0.8961093851321446,0.93642373472504,2
11_25,2.5,3,0.6640826873385013,0.619272887729261,0.7093264993213466,0.9572210814510609,0.9480716488366756,0.9654934554277086,4
11_26,2.5,3,0.7509025270758123,0.6858724567000473,0.8154780641840391,0.9647294589178357,0.9540732354734192,0.9743281187324508,3
12_24,2.5,3,0.7347670250896058,0.6575342465753424,0.8120418233082706,0.9184193753983428,0.8963483655022715,0.939706661463885,2
12_25,2.5,3,0.6234567901234568,0.5310682151077631,0.7076948051948052,0.8753280839895013,0.8364714971233325,0.9090006080969657,1
3_25,2.5,3,0.5178997613365155,0.45988000518096367,0.5780180076848082,0.9504950495049505,0.9319859957380753,0.9651166740345014,2
3_26,2.5,3,0.5720430107526882,0.5219105188441635,0.6262839034093102,0.9378163412870572,0.921184638287947,0.9524871235195103,2
4_25,2.5,3,0.4547477744807122,0.41021856391324024,0.5027199279740328,0.9254684838160137,0.9104400873269565,0.9406247473576734,4
4_26,2.5,3,0.6088560885608856,0.5742799973715337,0.645555416118535,0.9379785604900459,0.9254410945938828,0.9504402984594882,4
5_24,2.5,3,0.28421052631578947,0.22882142780243678,0.34159979058768963,0.9705882352941176,0.9557012391878653,0.9828507414185295,2
5_25,2.5,3,0.5847542627883651,0.5456345775819131,0.6252546480013201,0.9351611708040015,0.9222664250926847,0.9463147649760666,4
5_26,2.5,3,0.5788402848423194,0.5435810547812029,0.617088558519601,0.9251750829340214,0.9100942654920701,0.9387389312389312,4
5_27,2.5,3,0.6054421768707483,0.5443751288925551,0.6723161174582193,0.9285714285714286,0.8971325431209773,0.9556013620121583,1
6_24,2.5,3,0.3802228412256267,0.3318963962282928,0.43407423868784767,0.9488802336903602,0.9327979323540522,0.9620717920265612,3
6_25,2.5,3,0.49044585987261147,0.44588874060485395,0.53540144583156,0.9444444444444444,0.9312418521491012,0.9574630481788357,4
6_26,2.5,3,0.42927794263105834,0.3863069616927873,0.4744192506459948,0.9191806331471136,0.902281295717563,0.9338724564460987,4
6_27,2.5,3,0.4926787252368648,0.4556305405389507,0.5341173100113201,0.9230769230769231,0.9069012458026336,0.9382515349519649,4
6_28,2.5,3,0.5080128205128205,0.46665086887835705,0.5493274373194083,0.9183006535947712,0.8955939393498019,0.9380685175958007,2
7_23,2.5,3,0.453416149068323,0.39571518180732007,0.5132546165290702,0.9539371304077187,0.9418693369005482,0.9646890492870244,4
7_24,2.5,3,0.39724310776942356,0.3530041506978776,0.44033059404876995,0.9565217391304348,0.9460198706026983,0.9664900550624987,4
7_25,2.5,3,0.3855291576673866,0.34397392961039924,0.42559537247207846,0.936101083032491,0.9197550843835673,0.9494396763587836,4
7_26,2.5,3,0.35035035035035034,0.3165227885788913,0.3894962865699733,0.9377085650723026,0.9235615541023552,0.9507732974383882,4
7_27,2.5,3,0.3892988929889299,0.3539591617581389,0.4255521955913952,0.9356814701378254,0.9225346731281662,0.9474524609920781,4
7_28,2.5,3,0.3603678929765886,0.32589238886113886,0.397322244341995,0.8928,0.8757419805228296,0.9098361499368964,4
7_29,2.5,3,0.3698224852071006,0.30833620841282083,0.4361270080321285,0.9112627986348123,0.8821362112806287,0.9366702211690363,1
8_23,2.5,3,0.4406779661016949,0.3518467643467644,0.5207426221577165,0.9606936416184971,0.9500788511995172,0.9709817112237172,3
8_24,2.5,3,0.4092664092664093,0.360671904941413,0.46545713668754046,0.9531151667715544,0.9426246485812225,0.9628298344427377,4
8_25,2.5,3,0.403485254691689,0.36692431106077766,0.442225392296719,0.9474576271186441,0.9364753919549109,0.9588669506148998,4
8_26,2.5,3,0.4454443194600675,0.4053625712229431,0.48763864874351603,0.9558247239045244,0.945707915212298,0.9657165786063204,4
8_27,2.5,3,0.4767321613236815,0.43580833772759703,0.5163063436502088,0.9666544521802858,0.9586867059648629,0.9740096470187471,4
8_28,2.5,3,0.49137931034482757,0.454273128832638,0.534421851574213,0.9479638009049773,0.9360464254434981,0.9582099213954587,4
8_29,2.5,3,0.526148969889065,0.4759576612903226,0.5719187906627582,0.923582580115037,0.8996488902955255,0.9462546653800675,2
8_30,2.5,3,0.3951965065502183,0.3618177777777778,0.4299022090968338,0.927038626609442,0.90614864078081,0.9458748078012462,3
8_31,2.5,3,0.45901639344262296,0.4193740368154072,0.49805103651796434,0.8466494845360825,0.8062787156747515,0.878794249088557,3
9_23,2.5,3,0.5432098765432098,0.44185291452733316,0.6392673048600882,0.9649122807017544,0.9547517352491652,0.9743593314763231,2
9_24,2.5,3,0.5867052023121387,0.5273222421245279,0.6488307823129251,0.9588059701492537,0.9499224580558397,0.9675012370293179,4
9_25,2.5,3,0.5339943342776204,0.4909607443974118,0.5851599758624941,0.9454849498327759,0.9348453748000702,0.9559666484845867,4
9_26,2.5,3,0.4760935910478128,0.4393656385833207,0.5129370526143673,0.9579800958348691,0.9478034619899655,0.967356923524382,4
9_27,2.5,3,0.529296875,0.4661065906092794,0.5906228542517437,0.9640718562874252,0.9500820756080374,0.9768680759270602,2
9_28,2.5,3,0.5811965811965812,0.5162542420280106,0.6402440850554058,0.9685863874345549,0.9502672502052224,0.9847945576113384,1
9_30,2.5,3,0.3907563025210084,0.3378597415233623,0.4471244627309797,0.9040178571428571,0.858798162621692,0.9393939393939394,1
9_31,2.5,3,0.42637862421830586,0.3918376953492751,0.45956521223196595,0.9032576505429417,0.873129740641057,0.9313407814065197,3
9_32,2.5,3,0.536036036036036,0.49165118554789783,0.5801222987231027,0.9114583333333334,0.8876205370497456,0.9319934996094186,2
10_24,2.5,4,0.6592592592592592,0.5648762620044324,0.762417955278674,0.9721166032953105,0.9552424895980456,0.9853548028676996,1
10_25,2.5,4,0.5059288537549407,0.4650918556995806,0.5505277447480829,0.937779433681073,0.9258394058699587,0.9489381790033918,4
10_26,2.5,4,0.5170670037926675,0.4593570972450283,0.5776996564786365,0.8546188793538617,0.8157399695415356,0.8892282747622228,3
11_24,2.5,4,0.4896265560165975,0.4327985229873102,0.5473487148350535,0.9194729136163983,0.8997657634844264,0.9380576470349474,2
11_25,2.5,4,0.6587615283267457,0.6135492695533021,0.7031964351895744,0.9570990806945863,0.9474754149423753,0.9661709083973719,4
11_26,2.5,4,0.7528089887640449,0.6901070750880998,0.8119471654665741,0.9636726546906188,0.9538635927766103,0.972646420333877,3
12_24,2.5,4,0.7394636015325671,0.6639674603174603,0.8195296082763079,0.9155639571518589,0.8927659959057279,0.9363498235848541,2
12_25,2.5,4,0.6094674556213018,0.5262892078681553,0.7078443161776494,0.8807947019867549,0.8404054596547572,0.9151005790156733,1
3_25,2.5,4,0.5251196172248804,0.46665297741273104,0.587150974025974,0.9436758893280632,0.923550179642057,0.9603875323714391,2
3_26,2.5,4,0.5679287305122495,0.5164457886357111,0.6202705262161052,0.9349535382416011,0.9177671847726706,0.9504907291748558,2
4_25,2.5,4,0.4538279400157853,0.40662426040638594,0.5016561847193208,0.9102511321531495,0.8901013192298549,0.9268224615644183,4
4_26,2.5,4,0.6077294685990338,0.5722061128526645,0.6475647854789645,0.9323562570462233,0.9182233603988672,0.945165139947869,4
5_24,2.5,4,0.284,0.2290146589609295,0.3373985507246377,0.9644808743169399,0.9455336954462199,0.9793219371870925,2
5_25,2.5,4,0.5923694779116466,0.5513239774591526,0.634695403414456,0.9322222222222222,0.9199348869203833,0.9446646069581327,4
5_26,2.5,4,0.6,0.5647498459009657,0.6358007262309572,0.9171575846833578,0.9010092705924166,0.9307669754454644,4
5_27,2.5,4,0.5951557093425606,0.5309402405412178,0.6630852374551972,0.9307086614173228,0.9029345364890461,0.9557413211186113,1
6_24,2.5,4,0.3541033434650456,0.3061515151515152,0.4069890138930837,0.9408703878902555,0.924000539827878,0.9556667831175866,3
6_25,2.5,4,0.48497854077253216,0.44116989894269526,0.5302995986238531,0.9446454413892909,0.9315114599481626,0.955975745453595,4
6_26,2.5,4,0.4421768707482993,0.40171159575792614,0.4878324716617918,0.9175103112110986,0.9012796366515271,0.9322001526586312,4
6_27,2.5,4,0.5084889643463497,0.46712464361553624,0.5515782096151257,0.9185861795075456,0.9017219787018802,0.9335416062314285,4
6_28,2.5,4,0.5163398692810458,0.4697148507202258,0.5619557591623037,0.9101941747572816,0.8872632185642061,0.9311195522330062,2
7_23,2.5,4,0.44966442953020136,0.38765624177541674,0.520089734536576,0.9489073561095722,0.9368782321998813,0.9608875745141738,4
7_24,2.5,4,0.39564660691421255,0.3535591620416704,0.4393524904214559,0.9536878216123499,0.9415646013994379,0.9644892594651991,4
7_25,2.5,4,0.391156462585034,0.3472593252971334,0.43731581793757957,0.925728500355366,0.9095074330407115,0.9405242640808488,4
7_26,2.5,4,0.35435435435435436,0.3131711521500922,0.3952503796679037,0.9362254356692622,0.9218706305928411,0.9488039237118724,4
7_27,2.5,4,0.3856332703213611,0.35064316003781565,0.4248094674758138,0.9317664897649734,0.9172543236426853,0.9442522615947286,4
7_28,2.5,4,0.371900826446281,0.33538697900131526,0.407697628458498,0.8901850362027354,0.8696598696373433,0.9070497488664767,4
7_29,2.5,4,0.3888888888888889,0.3290986363358405,0.46267849431945085,0.8883333333333333,0.8498055808122554,0.9198176989997068,1
8_23,2.5,4,0.48314606741573035,0.4147112135176651,0.5618704560475876,0.9579799537393986,0.9454526355996944,0.9693270075394995,3
8_24,2.5,4,0.4164989939637827,0.36467336166712366,0.47330303070548235,0.9484213816817756,0.9353892780580702,0.9602498181386129,4
8_25,2.5,4,0.4131326949384405,0.3771713725109695,0.4510195127230294,0.942327150084317,0.9295160784275149,0.9538263942279802,4
8_26,2.5,4,0.4574944071588367,0.4137486515009381,0.5005837421944692,0.9528907922912205,0.9419600368825836,0.9629373721729472,4
8_27,2.5,4,0.49385245901639346,0.45870077267582066,0.5349605097194584,0.9621323529411765,0.9532648928834955,0.9697001131648435,4
8_28,2.5,4,0.4946550048590865,0.45541677247333673,0.5351216383378384,0.9441319835020623,0.9313376792997274,0.9550575572499671,4
8_29,2.5,4,0.5448818897637795,0.49540582613466716,0.5951240260830832,0.9150865622423743,0.8898212231003595,0.9385835337016439,2
8_30,2.5,4,0.4048815506101938,0.37048883253093445,0.4393665282602622,0.9245830311820159,0.9016156386136059,0.9437199725463281,3
8_31,2.5,4,0.4621026894865526,0.4183678907704965,0.5009738597614881,0.8459546925566344,0.8121092409388663,0.8801895274238727,3
9_23,2.5,4,0.4935064935064935,0.3734849847149793,0.6153846153846154,0.9661208356860531,0.9566698495688447,0.9751296413711621,2
9_24,2.5,4,0.6236842105263158,0.5646589182027201,0.6857268537913699,0.9583835946924005,0.94879640588309,0.9669617177623262,4
9_25,2.5,4,0.5348148148148149,0.4873181489436311,0.5809818207108173,0.9410791128765309,0.9289067507168156,0.9518117132225674,4
9_26,2.5,4,0.48335015136226034,0.44362709688164503,0.5223584171639323,0.956746765249538,0.9461626673402375,0.9664101025260148,4
9_27,2.5,4,0.5518590998043053,0.4908576872329113,0.6136414366883117,0.9551234106207929,0.9389124685776761,0.9694670337584063,2
9_28,2.5,4,0.5897435897435898,0.5294006519484368,0.6508922887975257,0.9633507853403142,0.9429096809344473,0.9817285649052016,1
9_30,2.5,4,0.39400428265524623,0.3451712403481296,0.4488854602466959,0.8905908096280087,0.8416248206599714,0.9311083799133499,1
9_31,2.5,4,0.4289805269186712,0.3964439859450248,0.46381166613755104,0.8927875243664717,0.8648585560350267,0.9201124304235533,3
9_32,2.5,4,0.5463917525773195,0.500531624863686,0.5861753248434022,0.8964102564102564,0.8697474966998294,0.9201452035717211,2
10_24,2.5,5,0.6515151515151515,0.5494488536155203,0.7404650834040147,0.9722222222222222,0.9581622416906307,0.9845768242040736,1
10_25,2.5,5,0.509,0.4681969841087623,0.5497928390120738,0.9347181008902077,0.9225534457539137,0.9463206934262726,4
10_26,2.5,5,0.5350553505535055,0.4764056746260069,0.5920928842530928,0.850944359367024,0.8133799648792498,0.8857641432575902,3
11_24,2.5,5,0.5233463035019456,0.4758687106918239,0.5768839023621427,0.9167916041979011,0.8961122377379732,0.935168595692837,2
11_25,2.5,5,0.6821705426356589,0.6375509683995922,0.7208429467169729,0.9524298425735798,0.9418271913335972,0.9620777353272554,4
11_26,2.5,5,0.7692307692307693,0.7138205377420224,0.8309977844595664,0.9633950120675785,0.9531627117518655,0.9745461407880954,3
12_24,2.5,5,0.7360594795539034,0.6604314125250038,0.8112042938611204,0.9170360987967068,0.8928548357327427,0.9397217677817871,2
12_25,2.5,5,0.6201117318435754,0.5297531512605043,0.7122657663478935,0.8818791946308725,0.8449896103594583,0.9167845175053569,1
3_25,2.5,5,0.5296912114014252,0.4727174456832476,0.5967706898634771,0.9423459244532804,0.9241662421332675,0.9582622076269172,2
3_26,2.5,5,0.5929978118161926,0.5367387122899373,0.644808949220714,0.9288281811646297,0.9107764140442639,0.9449480589669575,2
4_25,2.5,5,0.4620015048908954,0.41817478282148535,0.5076852594056587,0.917617237008872,0.9003255373672989,0.9315926567038173,4
4_26,2.5,5,0.6207865168539326,0.5821147393739086,0.6566599728795683,0.9311263318112634,0.9175356016658546,0.9432473707399118,4
5_24,2.5,5,0.2977893368010403,0.2406525248366792,0.3639512771633761,0.9666357738646896,0.9509435417290402,0.9807541368216414,2
5_25,2.5,5,0.6035015447991761,0.5662161572714929,0.6426490411770556,0.9251376146788991,0.9102276878711563,0.9385426715544407,4
5_26,2.5,5,0.599802371541502,0.5640927624872579,0.6357538388015044,0.9210134128166915,0.9055884401899522,0.9350002244165171,4
5_27,2.5,5,0.6225806451612903,0.566083386059264,0.6887185982813547,0.9283387622149837,0.8934739210210519,0.9550762491888384,1
6_24,2.5,5,0.4008810572687225,0.34603635170422997,0.45456028473973004,0.9320899091343855,0.912647077940219,0.9494284651958651,3
6_25,2.5,5,0.49223946784922396,0.44835066305003013,0.5336434278391713,0.9373657838224767,0.9226521260997067,0.949927871318976,4
6_26,2.5,5,0.45622568093385213,0.41264989379980943,0.5020860550206848,0.9119190404797601,0.8951204118920761,0.9280094378208877,4
6_27,2.5,5,0.5232459847844463,0.478892340094156,0.5661405055849501,0.9124552327894946,0.8962169364881694,0.9277870020039817,4
6_28,2.5,5,0.5184,0.47741407039794137,0.5631826380538341,0.9133278822567457,0.8903406809970439,0.9336740663504091,2
7_23,2.5,5,0.4786516853932584,0.4120064317382345,0.5426487148102814,0.944632420793602,0.9322669104790618,0.9567263457032251,4
7_24,2.5,5,0.41875,0.37708467298156234,0.4630894685875592,0.9509668508287292,0.9368132177585322,0.9627494358326149,4
7_25,2.5,5,0.4135593220338983,0.37017152562065775,0.4562925976546277,0.9192458199928851,0.9027119267972686,0.9350676708791,4
7_26,2.5,5,0.38712871287128714,0.3492849257326375,0.4276031566472743,0.9262844378257632,0.91053599465743,0.9426605279136784,4
7_27,2.5,5,0.4109090909090909,0.377817839069039,0.44921965584177503,0.9298921417565486,0.9144831715150278,0.943946434731188,4
7_28,2.5,5,0.38762214983713356,0.35293470950385436,0.4235406380660084,0.8861426256077796,0.8665250897129186,0.904218745674387,4
7_29,2.5,5,0.41002949852507375,0.34795897505792556,0.47809197990646113,0.8888888888888888,0.8516756773308927,0.9216606425111527,1
8_23,2.5,5,0.5347593582887701,0.4572971898197243,0.6202825497287522,0.955899419729207,0.9420356924625283,0.966900737296301,3
8_24,2.5,5,0.446360153256705,0.3932003760031427,0.5011451891796841,0.9477000630119723,0.9355855076995944,0.9592178256365554,4
8_25,2.5,5,0.43513513513513513,0.39998233215547707,0.4708364403453689,0.9384303112313938,0.9245854396485979,0.9500815930325051,4
8_26,2.5,5,0.4740331491712707,0.4336703423304806,0.5160423103192089,0.9494804729487639,0.9390508697678853,0.9590396989231734,4
8_27,2.5,5,0.5108910891089109,0.4695579305319407,0.549894685907836,0.9616530156366344,0.9530154463717959,0.9697462054828494,4
8_28,2.5,5,0.5110258868648131,0.472736782842231,0.5524862233405439,0.9400678477195628,0.927170868347339,0.9519834197544886,4
8_29,2.5,5,0.5468509984639017,0.4953702825280631,0.5949442435201928,0.9189640768588136,0.8956301770696401,0.940376323416759,2
8_30,2.5,5,0.4024216524216524,0.3722744972829489,0.4376661617722131,0.9312865497076024,0.9112374917205511,0.9493521911852656,3
8_31,2.5,5,0.4746317512274959,0.43591663946755976,0.5177710529740986,0.8348387096774194,0.8006743570076522,0.867283925632575,3
9_23,2.5,5,0.55,0.43995890410958904,0.6588423028785982,0.9643665158371041,0.9524879396790303,0.9742876704628847,2
9_24,2.5,5,0.6240208877284595,0.5736842105263158,0.6748816768086544,0.9586477512828252,0.9497685155797055,0.9668003350593969,4
9_25,2.5,5,0.5613540197461213,0.5147204139865551,0.6093305849125364,0.9394040843655842,0.9272214729311662,0.9509640526406777,4
9_26,2.5,5,0.49744114636642783,0.46198879118815356,0.5383823823823825,0.9492460463405664,0.9376391982182628,0.9592613725410488,4
9_27,2.5,5,0.557504873294347,0.49844968132338313,0.6189268879904102,0.9535580524344569,0.9387295041091518,0.9672898894262117,2
9_28,2.5,5,0.6016483516483516,0.5382425815153647,0.6550823728173991,0.9642857142857143,0.9423460540809437,0.9822296174715994,1
9_30,2.5,5,0.39293598233995586,0.3390056818181818,0.4480332987002404,0.8768577494692145,0.828635095597741,0.9142937399678972,1
9_31,2.5,5,0.4302995391705069,0.40081263041210224,0.4628077703222271,0.8861003861003861,0.855070517909681,0.9124832625647121,3
9_32,2.5,5,0.5414235705950992,0.492986125456173,0.5863451882387807,0.8950554994954592,0.8683002265978711,0.9176609276134065,2
10_24,2.5,6,0.6617647058823529,0.57719881744272,0.7410725616388688,0.9720812182741116,0.9552230005632216,0.9861512522579395,1
10_25,2.5,6,0.5248296007789679,0.4874838729308666,0.5634279591285338,0.932933683027351,0.9204457015308566,0.9446724199262766,4
10_26,2.5,6,0.5549199084668193,0.49514801788029295,0.6046671319406657,0.8519494204425712,0.8147621726535293,0.8844687386408985,3
11_24,2.5,6,0.5239043824701195,0.47069735789862205,0.5791772959183674,0.913075780089153,0.8907947293878006,0.9331891920484262,2
11_25,2.5,6,0.6931079323797139,0.6492857469917032,0.7390154440154441,0.9490946361462248,0.9380487502560837,0.9590279998165036,4
11_26,2.5,6,0.7744107744107744,0.7204943404707421,0.828588850174216,0.9636363636363636,0.952571242845462,0.9734338596809052,3
12_24,2.5,6,0.7769516728624535,0.7028036878697586,0.8496561859193438,0.9100696643445219,0.8880480263397684,0.932006975484626,2
12_25,2.5,6,0.6436781609195402,0.5538392857142858,0.7349591222030981,0.8746666666666667,0.8379075574820958,0.9103124385654506,1
3_25,2.5,6,0.5387365911799762,0.4850680882968336,0.5964788430177667,0.933597621407334,0.914311397514338,0.9514207149404217,2
3_26,2.5,6,0.6064516129032258,0.5580571241121168,0.6559532634402908,0.9262472885032538,0.9050386053168247,0.9432777897608323,2
4_25,2.5,6,0.49231843575418993,0.4449439623540318,0.5382555263381921,0.9191696113074205,0.9025179464321278,0.9343682929457588,4
4_26,2.5,6,0.6425339366515838,0.6046705042916404,0.6789585719515189,0.9262832883056735,0.9119600735134542,0.9393755692037977,4
5_24,2.5,6,0.3103896103896104,0.24711535637585125,0.37553100958840907,0.9582560296846011,0.9377449751359455,0.9760139657690641,2
5_25,2.5,6,0.6234741784037559,0.5845307152336383,0.6610574811011267,0.9285442797415432,0.9151174003158311,0.940326288426763,4
5_26,2.5,6,0.6021825396825397,0.5675041438129106,0.6423713301507258,0.9196428571428571,0.9049202892323662,0.9339912982439629,4
5_27,2.5,6,0.6571428571428571,0.5962524995133691,0.7261547619047619,0.9129720853858785,0.8768210911688098,0.946975578769057,1
6_24,2.5,6,0.4106145251396648,0.3589308678474837,0.4664734051151263,0.9377431906614786,0.9176673970698132,0.9540034685693912,3
6_25,2.5,6,0.5184426229508197,0.47545246152731635,0.5646300744919998,0.9400735294117647,0.9247083694435557,0.9535939406186147,4
6_26,2.5,6,0.47725162488393685,0.43617631519077527,0.5226698244644665,0.9117983963344788,0.8947556057920971,0.9275244113257551,4
6_27,2.5,6,0.5230263157894737,0.4877448490454966,0.5626096033182695,0.917741935483871,0.9001666954378893,0.9334712615900301,4
6_28,2.5,6,0.5232,0.47515838494316653,0.5747314649009564,0.910874897792314,0.8878747301063872,0.9315578906019838,2
7_23,2.5,6,0.531062124248497,0.4689096730357437,0.597959750601889,0.9443228026274633,0.9307482670122158,0.9565568411529382,4
7_24,2.5,6,0.4236024844720497,0.37880421827474087,0.471875888036374,0.9505361466620547,0.9368588183764843,0.9629175777527366,4
7_25,2.5,6,0.40994475138121544,0.36566125386430876,0.4532157092257493,0.9240415621640989,0.9086877075165142,0.9390094537003422,4
7_26,2.5,6,0.40076701821668265,0.36324652562418996,0.44164103575184016,0.9276290991330569,0.9122533984273944,0.9413305556850758,4
7_27,2.5,6,0.4198943661971831,0.38348918020073675,0.45807290322580646,0.933203125,0.9200566966168955,0.945613338626439,4
7_28,2.5,6,0.39935064935064934,0.36563758230306476,0.43625280103785824,0.8810876623376623,0.8620838646397975,0.8998077464868949,4
7_29,2.5,6,0.41887905604719766,0.36162176248592387,0.4827586206896552,0.8837606837606837,0.8406579578139981,0.9220055949623087,1
8_23,2.5,6,0.5238095238095238,0.45215988779803645,0.6009655898876404,0.9570267131242741,0.943491093092878,0.9686363356043571,3
8_24,2.5,6,0.48201438848920863,0.43117596781086465,0.5398331807547553,0.9468152866242038,0.9336411722775948,0.9574422135146157,4
8_25,2.5,6,0.4525065963060686,0.4083297146401985,0.49701505879422914,0.9370319945541185,0.9229943102067804,0.9498819600763464,4
8_26,2.5,6,0.4910432033719705,0.4468770308498031,0.5327876764352174,0.9512195121951219,0.9396014802213626,0.96202140111107,4
8_27,2.5,6,0.5107421875,0.47436737709863225,0.5480882874991355,0.9640718562874252,0.9553500760212681,0.9722276207302709,4
8_28,2.5,6,0.5233730522456462,0.4841759594133012,0.5620935557993758,0.9428023032629559,0.9308555781903476,0.9551831644583009,4
8_29,2.5,6,0.5611940298507463,0.5101715616205125,0.6121233882813775,0.9168081494057725,0.8898625246847942,0.9389539362954651,2
8_30,2.5,6,0.40980113636363635,0.37444158262380417,0.4433534743202417,0.9252199413489736,0.9018396321488641,0.9456139282266276,3
8_31,2.5,6,0.48181083265966046,0.4394687048007767,0.5237823590856457,0.8325732899022801,0.7965287771919121,0.8652697350662224,3
9_23,2.5,6,0.611764705882353,0.5111050724637681,0.7088928636947349,0.9625638116846285,0.9511746734666682,0.9736702595949079,2
9_24,2.5,6,0.618925831202046,0.5651110245422672,0.6738896321070234,0.9600605143721634,0.9502540528688402,0.9689264067782906,4
9_25,2.5,6,0.5628571428571428,0.5172777483634964,0.6106404414857577,0.937917222963952,0.9251499718312308,0.9500491979236303,4
9_26,2.5,6,0.515748031496063,0.4739347718253968,0.5539953342345092,0.9488805970149253,0.937722184098675,0.9593689870307281,4
9_27,2.5,6,0.583793738489871,0.5223657413865253,0.64341469030624,0.9517241379310345,0.9349001982815599,0.9671794174280398,2
9_28,2.5,6,0.615819209039548,0.5505585597254153,0.6794627609108159,0.9491228070175438,0.9239287310343818,0.9701997667336227,1
9_30,2.5,6,0.389010989010989,0.3333333333333333,0.44520796865883133,0.8827292110874201,0.8324678098303826,0.9241476903057905,1
9_31,2.5,6,0.4321550741163056,0.39797487432315426,0.46768958330386523,0.8909626719056974,0.8605633460240769,0.9170756393602014,3
9_32,2.5,6,0.5490867579908676,0.5016037545443467,0.5957816193853427,0.8950617283950617,0.8667372762438433,0.9190285784676029,2
10_24,2.5,7,0.6853146853146853,0.5985800315914176,0.7706897265948632,0.970550576184379,0.9547738693467337,0.9840700863678804,1
10_25,2.5,7,0.5350089766606823,0.4968042093774611,0.573465189417962,0.942292796281952,0.9307782557684787,0.9532720836617498,4
10_26,2.5,7,0.5490417136414881,0.4921396246081857,0.6118543553960923,0.8567639257294429,0.8210646084665518,0.8880207993740626,3
11_24,2.5,7,0.5701107011070111,0.5215827338129496,0.6201416851562713,0.9058192955589587,0.8829617902143675,0.9280695629979516,2
11_25,2.5,7,0.6990521327014217,0.6587133547968879,0.7386509480344584,0.9540673211781207,0.9438349300359871,0.963669848282684,4
11_26,2.5,7,0.7891737891737892,0.742996028282123,0.8375019904458599,0.9657166460140438,0.9562420573772538,0.975689063020022,3
12_24,2.5,7,0.7620689655172413,0.6819564176245211,0.8351815678833202,0.9146341463414634,0.8935610818180044,0.9355858891813886,2
12_25,2.5,7,0.643979057591623,0.5593200257048758,0.732002989080705,0.8799454297407913,0.8444385264092321,0.9112948235389348,1
3_25,2.5,7,0.5591882750845547,0.5036346939107329,0.6218856086835687,0.9344432882414152,0.9133658095865992,0.9519615604157904,2
3_26,2.5,7,0.6176470588235294,0.5620896032831737,0.6770075481520041,0.9174964438122333,0.8966933541709367,0.9386374864069451,2
4_25,2.5,7,0.4831782390837509,0.43705694125369215,0.5300408819488621,0.9182253153545019,0.901709433613864,0.9333397190293742,4
4_26,2.5,7,0.6471663619744058,0.6128955718222049,0.6842639200353832,0.9231360491929285,0.9089470046570994,0.9359479749625524,4
5_24,2.5,7,0.3236775818639798,0.25997712160768033,0.3907579444282478,0.9629981024667932,0.945832078313253,0.9792094659957223,2
5_25,2.5,7,0.6331417624521073,0.5922673957139079,0.6741041750672959,0.9223227752639518,0.907884119117916,0.9352157550106002,4
5_26,2.5,7,0.6001908396946565,0.5622749819671959,0.6324992963036302,0.925226586102719,0.9091229546377253,0.939783084004603,4
5_27,2.5,7,0.6577380952380952,0.599336572259335,0.7206888219007519,0.9217687074829932,0.8851348170204102,0.9513454895380972,1
6_24,2.5,7,0.4332874828060523,0.37978722639456697,0.49331098817118546,0.9325183374083129,0.9141809182689469,0.950385553176862,3
6_25,2.5,7,0.528101802757158,0.4881658095683341,0.5712820810754901,0.9317108608790411,0.9168202583490863,0.945540271693752,4
6_26,2.5,7,0.495985727029438,0.45146180421547555,0.5429203637325185,0.9110679611650485,0.8933927409069584,0.9274613986159689,4
6_27,2.5,7,0.5339185953711093,0.4921173551936145,0.5754650877623235,0.9181334424887434,0.900289191039785,0.9333340064620356,4
6_28,2.5,7,0.539039039039039,0.4876994306727808,0.5908874390138282,0.9153976311336718,0.892980943738657,0.9339925242266902,2
7_23,2.5,7,0.5444444444444444,0.4855294396961064,0.603114384534618,0.9474017743979721,0.9339326027685101,0.9601140820634755,4
7_24,2.5,7,0.4550970873786408,0.40390732216681585,0.5049188920174322,0.9449860724233984,0.9308150108886163,0.9574993345020433,4
7_25,2.5,7,0.44759825327510916,0.40326759777423854,0.49723131461052544,0.9136690647482014,0.8956319551803558,0.9298336800797691,4
7_26,2.5,7,0.41120607787274455,0.3714897008929733,0.44946909522179757,0.9254634884600832,0.9096111454659599,0.9409369250399369,4
7_27,2.5,7,0.4338487972508591,0.398197891059825,0.46904983684956364,0.9324644549763034,0.9181300655068336,0.9453005233739623,4
7_28,2.5,7,0.3987291501191422,0.3613669411704529,0.43626134194602884,0.8867459991793188,0.8665490466022194,0.9043590481139195,4
7_29,2.5,7,0.41055718475073316,0.3495698747528016,0.47743673292060385,0.8902229845626072,0.8502703327171904,0.925249169435216,1
8_23,2.5,7,0.5491329479768786,0.4761709601873536,0.6236096448231656,0.9526741054251635,0.939572540969117,0.9640542240724898,3
8_24,2.5,7,0.498134328358209,0.4383753768046962,0.5607034498993017,0.9411392405063291,0.9276514979472567,0.9548937298505795,4
8_25,2.5,7,0.4594953519256308,0.4225474011114744,0.4944449569495695,0.9344206591913014,0.920045294577685,0.9468866173582651,4
8_26,2.5,7,0.4989429175475687,0.45689508846449717,0.5429088407926422,0.948,0.9373582645049454,0.9590431397648606,4
8_27,2.5,7,0.5421245421245421,0.5052431860902256,0.5812284291051415,0.9627496159754224,0.9539384463432392,0.9709333418341392,4
8_28,2.5,7,0.5381913959613697,0.5013262630610887,0.5748922332132859,0.9440750879937426,0.9318524521503064,0.9558582417549071,4
8_29,2.5,7,0.5633001422475107,0.5171479660339732,0.61213336939536,0.925764192139738,0.9001664722428807,0.9473218127061523,2
8_30,2.5,7,0.4067321178120617,0.3739147555752423,0.44142939703845746,0.9353640416047548,0.9157031212427259,0.9527462208042279,3
8_31,2.5,7,0.46957878315132606,0.4294314257483739,0.5135357295974983,0.8536912751677852,0.8214259453781513,0.8858507128224549,3
9_23,2.5,7,0.6829268292682927,0.6015853658536586,0.7719497607655502,0.9586636466591166,0.9479100991724088,0.9695503785837847,2
9_24,2.5,7,0.6445012787723785,0.5925620417371686,0.6958658019333203,0.957034795763994,0.9474653824497424,0.9667403166726262,4
9_25,2.5,7,0.5782792665726375,0.5297313535733615,0.6280228116988438,0.9353866755942417,0.9229687820358434,0.9476448758439983,4
9_26,2.5,7,0.5259615384615385,0.4872387280122105,0.564394012015927,0.9487951807228916,0.9373771129824637,0.9596386808102297,4
9_27,2.5,7,0.5886524822695035,0.5339887350810714,0.6448473364165811,0.955607476635514,0.9380295308406763,0.9705904467049978,2
9_28,2.5,7,0.6289473684210526,0.5689633180858551,0.6869409328683522,0.9558823529411765,0.92923105632078,0.9765778549835311,1
9_30,2.5,7,0.4196242171189979,0.35676014365400777,0.4775736961451247,0.8764044943820225,0.8168684836290471,0.9161865483119094,1
9_31,2.5,7,0.4367555303460011,0.4004466323827835,0.4678342457344058,0.8870168483647175,0.8540367003672303,0.9147225274315517,3
9_32,2.5,7,0.5666305525460456,0.5201854479669658,0.6110035313523686,0.8951351351351351,0.8696086010570591,0.9206362889983579,2
