season,threshold_mm,lead_days,n,base_rate,POD,FAR,CSI,BIAS,HSS,POD_lo,POD_hi,FAR_lo,FAR_hi,CSI_lo,CSI_hi,BIAS_lo,BIAS_hi,HSS_lo,HSS_hi
monsoon (JJAS),1.0,1,46704,0.4576481671805413,0.9081126602414148,0.38825679977307825,0.5760840530674027,1.4844671095723776,0.4063976544976833,0.8664403958646409,0.9357847933483193,0.3484082863945855,0.4477263256308609,0.5113876489881124,0.6213807096444384,1.416623952390654,1.595781499482246,0.34517967484624473,0.4551144621696686
monsoon (JJAS),1.0,2,46704,0.4576481671805413,0.8976794235987648,0.3957231040564374,0.5653378119567459,1.4855431833068213,0.3869556222322942,0.8556144698595665,0.9243910215363599,0.3565725670051827,0.4531114312209994,0.5014771520855995,0.6095683620840668,1.42116749390761,1.5872350182701165,0.3327402557216346,0.4306270931279908
monsoon (JJAS),1.0,3,46704,0.4576481671805413,0.8894451202395434,0.40013252555850054,0.5582440170312729,1.4827360344343594,0.37468900118164705,0.8415646923610669,0.9208032688587523,0.3580190064279516,0.45929004110632227,0.492742986646803,0.605439796388276,1.4115398516257793,1.584443742648391,0.3156106258405237,0.41883593258270324
monsoon (JJAS),1.0,4,46704,0.4576481671805413,0.8757368765790212,0.4051357020275853,0.5485610456596917,1.4721624403480864,0.3592155651859952,0.8223362435853647,0.9106996511285432,0.36308013754946555,0.4659090665855304,0.48259140619997115,0.5962416706623381,1.4066225305883995,1.569918560116375,0.30085226961215367,0.40194335110113155
monsoon (JJAS),1.0,5,46704,0.4576481671805413,0.8726022270047722,0.41191865048084503,0.5415819734014751,1.4838121081688032,0.3438589860719912,0.8191693443978143,0.9067240932091863,0.3712386222934279,0.4717615038962692,0.4754108164587482,0.5886609307948292,1.4180663564905989,1.5823303803370925,0.2903491064185063,0.38364441530219684
monsoon (JJAS),1.0,6,46704,0.4576481671805413,0.8779358098624497,0.41884233020533307,0.5377098974153247,1.5106671657153552,0.33083071736076997,0.8245448976944474,0.9158213680742224,0.37616498700641676,0.4769155292439466,0.4713028079859111,0.5881422487060559,1.441713308347881,1.617203352268145,0.26634767510033214,0.37256051564359594
monsoon (JJAS),1.0,7,46704,0.4576481671805413,0.8779825956769908,0.42681734880879657,0.5308928369356116,1.5317675680733602,0.3132950667377487,0.8198067691527015,0.916455558368405,0.38271987866536605,0.49148706027253136,0.45923111742856154,0.5813058651816706,1.4576626056170883,1.6478027679621068,0.25125660348934414,0.355228903922446
monsoon (JJAS),2.5,1,46704,0.3701610140459061,0.8501850994909764,0.42946976166446704,0.5184113995485328,1.4901665895418787,0.43055716607391653,0.8000693959409662,0.8826017325956871,0.39968518708650014,0.4833443431307262,0.45904502220968424,0.553059962415087,1.4312669549138841,1.5834329148877408,0.37737581556443545,0.46629728544518745
monsoon (JJAS),2.5,2,46704,0.3701610140459061,0.8337575196668209,0.4395365113927988,0.5041270285394516,1.4876214715409533,0.408421743151983,0.7845356542934043,0.8641196117023261,0.4089013411439044,0.4903655423315225,0.4484521220685316,0.53784875682673,1.4251501413544558,1.5799546716572959,0.3599987174749411,0.44059959626461004
monsoon (JJAS),2.5,3,46704,0.3701610140459061,0.8188917167977788,0.4465598123534011,0.4930862735536902,1.479639055992596,0.3918237405836963,0.7644894249517564,0.8561963703603217,0.4130479354231759,0.5049681683556013,0.43117586419212856,0.5277774125828704,1.4046186884883196,1.5879638643607996,0.34250062708286205,0.4217766206795607
monsoon (JJAS),2.5,4,46704,0.3701610140459061,0.8022327626099028,0.45472773736976607,0.4806612601372427,1.471251735307728,0.372826478983632,0.7487597461838128,0.842707823834619,0.41980533708650614,0.5058138979146418,0.4264239370151263,0.5170721937267008,1.3912098331591634,1.5756592279669155,0.3229784427681411,0.4033751668669714
monsoon (JJAS),2.5,5,46704,0.3701610140459061,0.7940189726978251,0.46618705035971225,0.46888236097827574,1.487447940768163,0.35119556189620843,0.7349031268912972,0.837806399815289,0.43121621402383753,0.521883422658809,0.4113189379837955,0.5062561573282702,1.4039426010509126,1.6032970052253939,0.3003802606134226,0.3825955941482954
monsoon (JJAS),2.5,6,46704,0.3701610140459061,0.7980680240629339,0.4734773317050832,0.46462367401919513,1.515733456732994,0.3401293774801531,0.7378276548803906,0.842094212367552,0.43942103856540105,0.5234549854679207,0.4104968423410962,0.5009246728275512,1.4285262028006662,1.6281721861197018,0.2908306479119095,0.371289313529511
monsoon (JJAS),2.5,7,46704,0.3701610140459061,0.7989356779268857,0.4818816115237452,0.4583526913121391,1.5419944470152707,0.32582957320370853,0.7362136446980074,0.849468289511688,0.44693050139780005,0.5365913151686547,0.4014035868391401,0.49801945756521077,1.4503617124276074,1.67770738103734,0.27752588428058295,0.35492000319900074
non-monsoon (ONDJFMAM),1.0,1,82010,0.1096451652237532,0.7236432384341637,0.5069333939531712,0.4149343196020916,1.467637900355872,0.5244888380333919,0.6303674680510428,0.8015140807150816,0.454074264367679,0.5605907600081603,0.35547840799722613,0.4746516319705172,1.3327734117063927,1.651600940544658,0.4735013477720726,0.5671618646747554
non-monsoon (ONDJFMAM),1.0,2,82010,0.1096451652237532,0.7089635231316725,0.5182134220072552,0.40223357940564075,1.4715302491103204,0.5096869775360084,0.6117258642805892,0.7899507578666249,0.4615755652467183,0.5702966792079187,0.3427310722887363,0.4624100261443663,1.3202046769677205,1.6454459583738,0.4566125531721914,0.5580471879918277
non-monsoon (ONDJFMAM),1.0,3,82010,0.1096451652237532,0.6927268683274022,0.5331634564940418,0.38675027939898177,1.4838745551601424,0.49111260969034554,0.5824717269506635,0.7786527262330527,0.47563317321645476,0.587659225460128,0.3236202681317308,0.4499035734348503,1.319246082541209,1.6688083601251942,0.4346804246207999,0.5391273264940464
non-monsoon (ONDJFMAM),1.0,4,82010,0.1096451652237532,0.6688167259786477,0.5366718027734977,0.37686426870535156,1.4435053380782918,0.4800689120769167,0.5579761837331405,0.7576065437369873,0.47800709240443756,0.5892506711891788,0.31305829342201,0.44036497514910766,1.2773830193855773,1.619689687288327,0.4230951990240122,0.5304725696163478
non-monsoon (ONDJFMAM),1.0,5,82010,0.1096451652237532,0.65625,0.5530899727355347,0.3621356244246701,1.4684163701067616,0.46146446316949435,0.5350759181417585,0.7472373399570752,0.49269783593196176,0.6074903984111417,0.2952980286428527,0.4245382685656732,1.2848818461904936,1.6370398313503982,0.4015013628244552,0.5094218932464036
non-monsoon (ONDJFMAM),1.0,6,82010,0.1096451652237532,0.655693950177936,0.5767712296317565,0.34627356551359606,1.5492660142348755,0.43975423817093984,0.544090900506157,0.7417306011129808,0.5089712737372897,0.6359087160026023,0.2819941110451943,0.41173229396376726,1.357098649927219,1.7460822608910538,0.37964909445515294,0.49320601985911144
non-monsoon (ONDJFMAM),1.0,7,82010,0.1096451652237532,0.6564724199288257,0.5965967334107839,0.3330888161607042,1.627335409252669,0.42109483387712593,0.5391582580969339,0.7471062395169231,0.524690006515153,0.6580311215569864,0.26707619639231034,0.40145443525832447,1.4337253172631312,1.842143949331199,0.3591541584789885,0.48017284986553826
non-monsoon (ONDJFMAM),2.5,1,82010,0.0825631020607243,0.6459902525476297,0.5217058501913614,0.37896378443943857,1.3506129079899571,0.5024268099197822,0.5437401510357888,0.7289161509721931,0.4781388444865106,0.5680680045962155,0.3234296415071897,0.4315811685823488,1.1997225832274194,1.5055906704908275,0.45205796014637545,0.5441376061784979
non-monsoon (ONDJFMAM),2.5,2,82010,0.0825631020607243,0.6349136021267169,0.537741935483871,0.36518858307849134,1.3735046521931769,0.48587325493056616,0.5316898900484879,0.722492197176562,0.4929797040061718,0.5824787801889523,0.3082466755491197,0.4191541024843815,1.2136477793578235,1.5205450829873308,0.43229691829469036,0.5272410378627668
non-monsoon (ONDJFMAM),2.5,3,82010,0.0825631020607243,0.6117264805789396,0.5505154639175258,0.3497129348193178,1.3609511150494757,0.4675188587960572,0.5000795640904327,0.6975437054628283,0.504159508937071,0.5958931426100874,0.2901967973319837,0.401972800679983,1.1942339974577851,1.5009668868220105,0.41032808461626613,0.5093997535026371
non-monsoon (ONDJFMAM),2.5,4,82010,0.0825631020607243,0.5895731797371142,0.5519640852974186,0.3415176661818804,1.3159060700044307,0.4583287348883427,0.47906671776628357,0.675513191704856,0.5093657412461198,0.593771161138284,0.2827474052116023,0.39262200427681937,1.144739964146119,1.4502846255481108,0.40293497241961235,0.498741207689868
non-monsoon (ONDJFMAM),2.5,5,82010,0.0825631020607243,0.5755427558706248,0.5724160631994734,0.32507507507507505,1.3460345591493132,0.4373450890095662,0.4580920536620424,0.6654758782830784,0.523305673047532,0.6240990800908238,0.2628819965854745,0.37851958030560906,1.167776337031146,1.4870868012209135,0.3749617304850944,0.4807940106652585
non-monsoon (ONDJFMAM),2.5,6,82010,0.0825631020607243,0.5705213410131443,0.5973944762897342,0.30896584819643286,1.4170728105154335,0.4154900839492887,0.45861304895765387,0.6604282480644962,0.5412301803917586,0.6515019377560755,0.24984848093029158,0.3665477344501361,1.2373975881830426,1.5748285548842627,0.3554540244984666,0.46181142078483617
non-monsoon (ONDJFMAM),2.5,7,82010,0.0825631020607243,0.5746566238369517,0.6132975551580203,0.3006490496059342,1.48604342046965,0.4034208931232341,0.4610307788538274,0.6622417039980993,0.5502869015321893,0.6754051146859694,0.23584412849670364,0.36142338398416707,1.3343570389373502,1.63106574936738,0.3359012085130092,0.4561628903831909
